{"type":"FeatureCollection","features":[{"type":"Feature","geometry":{"type":"Polygon","coordinates":[[[-71.54,-39.05],[-71.54,-39.050392],[-71.540178,-39.05],[-71.572656,-39.05],[-71.57309,-39.0515],[-71.57396,-39.0528],[-71.57572,-39.05471],[-71.57741,-39.0554],[-71.58022,-39.05599],[-71.58189,-39.05665],[-71.58381,-39.05799],[-71.5866,-39.06087],[-71.58795,-39.06181],[-71.5895,-39.06266],[-71.59311,-39.06399],[-71.60274,-39.06627],[-71.60589,-39.06662],[-71.60901,-39.06679],[-71.61758,-39.06578],[-71.62061,-39.0659],[-71.62256,-39.06647],[-71.62558,-39.06791],[-71.63005,-39.07067],[-71.63108,-39.07109],[-71.63259,-39.07128],[-71.63391,-39.07122],[-71.63743,-39.07014],[-71.64098,-39.06849],[-71.64668,-39.06534],[-71.64928,-39.06464],[-71.65362,-39.06467],[-71.65638,-39.06438],[-71.6573,-39.06446],[-71.65799,-39.06503],[-71.65846,-39.066],[-71.65856,-39.06594],[-71.65913,-39.06686],[-71.66147,-39.06676],[-71.66534,-39.0658],[-71.66805,-39.06562],[-71.67176,-39.06482],[-71.67273,-39.06477],[-71.67888,-39.06519],[-71.68487,-39.06508],[-71.68825,-39.06563],[-71.68998,-39.0652],[-71.6905,-39.06483],[-71.69154,-39.06353],[-71.69225,-39.06213],[-71.6924,-39.06137],[-71.69232,-39.06023],[-71.69215,-39.05951],[-71.69145,-39.05817],[-71.69041,-39.05733],[-71.68824,-39.05684],[-71.68304,-39.05666],[-71.67502,-39.05668],[-71.67326,-39.05601],[-71.67269,-39.05549],[-71.67211,-39.05442],[-71.67109,-39.05137],[-71.670788,-39.05],[-71.633799,-39.05],[-71.63371,-39.0504],[-71.63319,-39.0515],[-71.63217,-39.05337],[-71.6315,-39.05429],[-71.62968,-39.05582],[-71.62814,-39.05664],[-71.62648,-39.05703],[-71.62394,-39.05711],[-71.62275,-39.05678],[-71.62145,-39.05631],[-71.61678,-39.05402],[-71.61322,-39.05084],[-71.612568,-39.05],[-71.54,-39.05]],[[-71.61176,-39.05384],[-71.61383,-39.05517],[-71.61431,-39.05613],[-71.61434,-39.05696],[-71.61481,-39.05785],[-71.61552,-39.05856],[-71.61783,-39.05935],[-71.62135,-39.05973],[-71.62276,-39.0602],[-71.62309,-39.06057],[-71.62316,-39.06111],[-71.62301,-39.06159],[-71.62256,-39.06192],[-71.62179,-39.06215],[-71.6164,-39.06272],[-71.60788,-39.06404],[-71.60466,-39.06364],[-71.60143,-39.06272],[-71.59655,-39.06209],[-71.59516,-39.0618],[-71.59352,-39.06103],[-71.59205,-39.05999],[-71.58957,-39.05743],[-71.58882,-39.05683],[-71.58461,-39.05422],[-71.58363,-39.05344],[-71.58246,-39.05207],[-71.58071,-39.05042],[-71.580489,-39.05],[-71.604784,-39.05],[-71.60526,-39.05054],[-71.60609,-39.05118],[-71.60883,-39.05228],[-71.61176,-39.05384]],[[-71.63235,-39.06866],[-71.63109,-39.06825],[-71.62879,-39.06677],[-71.62712,-39.06469],[-71.62672,-39.06388],[-71.62646,-39.06282],[-71.62695,-39.0602],[-71.62785,-39.05934],[-71.63006,-39.05835],[-71.63281,-39.05656],[-71.63544,-39.0536],[-71.63614,-39.05192],[-71.636421,-39.05],[-71.649865,-39.05],[-71.64988,-39.05001],[-71.65099,-39.05098],[-71.65253,-39.0527],[-71.65315,-39.05447],[-71.65318,-39.05581],[-71.65204,-39.05725],[-71.65019,-39.05887],[-71.64947,-39.05982],[-71.64859,-39.06057],[-71.64723,-39.06146],[-71.64635,-39.06228],[-71.64317,-39.06403],[-71.64219,-39.06483],[-71.63959,-39.06651],[-71.63827,-39.06715],[-71.63448,-39.06853],[-71.63346,-39.06875],[-71.63235,-39.06866]]]},"properties":{"peligro":"Alto"}},{"type":"Feature","geometry":{"type":"Polygon","coordinates":[[[-71.63235,-39.06866],[-71.63346,-39.06875],[-71.63448,-39.06853],[-71.63827,-39.06715],[-71.63959,-39.06651],[-71.64219,-39.06483],[-71.64317,-39.06403],[-71.64635,-39.06228],[-71.64723,-39.06146],[-71.64859,-39.06057],[-71.64947,-39.05982],[-71.65019,-39.05887],[-71.65204,-39.05725],[-71.65318,-39.05581],[-71.65315,-39.05447],[-71.65253,-39.0527],[-71.65099,-39.05098],[-71.64988,-39.05001],[-71.649865,-39.05],[-71.636421,-39.05],[-71.63614,-39.05192],[-71.63544,-39.0536],[-71.63281,-39.05656],[-71.63006,-39.05835],[-71.62785,-39.05934],[-71.62695,-39.0602],[-71.62646,-39.06282],[-71.62672,-39.06388],[-71.62712,-39.06469],[-71.62879,-39.06677],[-71.63109,-39.06825],[-71.63235,-39.06866]]]},"properties":{"peligro":"Bajo"}},{"type":"Feature","geometry":{"type":"Polygon","coordinates":[[[-71.540178,-39.05],[-71.54,-39.050392],[-71.54,-39.065603],[-71.5405,-39.06617],[-71.54059,-39.06656],[-71.54038,-39.06837],[-71.54084,-39.06886],[-71.54172,-39.06908],[-71.54469,-39.06887],[-71.54546,-39.069],[-71.54934,-39.07056],[-71.55039,-39.07082],[-71.55159,-39.07102],[-71.55323,-39.07056],[-71.5538,-39.06956],[-71.55401,-39.06794],[-71.55445,-39.06741],[-71.55506,-39.06703],[-71.55583,-39.06683],[-71.55663,-39.06681],[-71.55842,-39.06716],[-71.56101,-39.0671],[-71.56424,-39.06753],[-71.56787,-39.06756],[-71.56842,-39.06766],[-71.57104,-39.06952],[-71.57603,-39.07142],[-71.58405,-39.07354],[-71.58559,-39.07411],[-71.59147,-39.07688],[-71.59685,-39.07825],[-71.60475,-39.079],[-71.60623,-39.07891],[-71.60894,-39.07842],[-71.61468,-39.07919],[-71.6197,-39.07847],[-71.6231,-39.07827],[-71.62627,-39.07896],[-71.62667,-39.07932],[-71.629,-39.08039],[-71.62966,-39.08084],[-71.63137,-39.08146],[-71.63203,-39.08152],[-71.63586,-39.07972],[-71.64357,-39.07537],[-71.6465,-39.07428],[-71.64951,-39.07283],[-71.65699,-39.06835],[-71.65768,-39.06771],[-71.65914,-39.06687],[-71.65856,-39.06594],[-71.65846,-39.066],[-71.65799,-39.06503],[-71.6573,-39.06446],[-71.65638,-39.06438],[-71.65362,-39.06467],[-71.64928,-39.06464],[-71.64668,-39.06534],[-71.64098,-39.06849],[-71.63743,-39.07014],[-71.63391,-39.07122],[-71.63259,-39.07128],[-71.63108,-39.07109],[-71.63005,-39.07067],[-71.62558,-39.06791],[-71.62256,-39.06647],[-71.62061,-39.0659],[-71.61758,-39.06578],[-71.60901,-39.06679],[-71.60452,-39.06649],[-71.60274,-39.06627],[-71.59506,-39.06449],[-71.59311,-39.06399],[-71.5895,-39.06266],[-71.5866,-39.06087],[-71.58381,-39.05799],[-71.58277,-39.05719],[-71.58115,-39.05628],[-71.57741,-39.0554],[-71.57353,-39.05371],[-71.57155,-39.05221],[-71.56963,-39.05023],[-71.569505,-39.05],[-71.540178,-39.05]]]},"properties":{"peligro":"Bajo"}},{"type":"Feature","geometry":{"type":"Polygon","coordinates":[[[-71.60795,-39.06404],[-71.6164,-39.06272],[-71.62179,-39.06215],[-71.62256,-39.06192],[-71.62301,-39.06159],[-71.62316,-39.06111],[-71.62309,-39.06057],[-71.62276,-39.0602],[-71.62135,-39.05973],[-71.61783,-39.05935],[-71.61552,-39.05856],[-71.61481,-39.05785],[-71.61434,-39.05696],[-71.61431,-39.05613],[-71.61383,-39.05517],[-71.61176,-39.05384],[-71.60704,-39.05329],[-71.60281,-39.05261],[-71.60089,-39.05284],[-71.60028,-39.05304],[-71.59998,-39.05343],[-71.59933,-39.05505],[-71.59933,-39.05583],[-71.60037,-39.05749],[-71.60276,-39.06044],[-71.60656,-39.06339],[-71.60795,-39.06404]]]},"properties":{"peligro":"Bajo"}},{"type":"Feature","geometry":{"type":"Polygon","coordinates":[[[-71.89898,-39.27369],[-71.90083,-39.27369],[-71.90407,-39.27265],[-71.90565,-39.27144],[-71.90899,-39.26981],[-71.91418,-39.26695],[-71.91692,-39.2643],[-71.92073,-39.26236],[-71.92432,-39.25991],[-71.9268,-39.25794],[-71.92887,-39.2553],[-71.9305,-39.25419],[-71.92455,-39.2542],[-71.92383,-39.2547],[-71.92061,-39.25539],[-71.9194,-39.2574],[-71.91832,-39.25834],[-71.91512,-39.26234],[-71.9124,-39.2653],[-71.91109,-39.26647],[-71.90924,-39.26753],[-71.90639,-39.26842],[-71.90051,-39.27109],[-71.89962,-39.27168],[-71.89901,-39.27298],[-71.89898,-39.27369]]]},"properties":{"peligro":"Medio"}},{"type":"Feature","geometry":{"type":"Polygon","coordinates":[[[-71.84954,-39.26204],[-71.85009,-39.25968],[-71.85094,-39.25871],[-71.85322,-39.25776],[-71.85476,-39.25776],[-71.85549,-39.25797],[-71.85638,-39.25857],[-71.85692,-39.26021],[-71.85711,-39.26175],[-71.85758,-39.26242],[-71.85816,-39.26274],[-71.86154,-39.2629],[-71.86323,-39.26332],[-71.86414,-39.26359],[-71.86584,-39.26446],[-71.86614,-39.26482],[-71.86622,-39.26533],[-71.86622,-39.26611],[-71.86596,-39.26716],[-71.86519,-39.26877],[-71.86419,-39.27034],[-71.86308,-39.27103],[-71.86178,-39.27112],[-71.86001,-39.27092],[-71.85815,-39.27046],[-71.8581,-39.27155],[-71.85828,-39.27248],[-71.85915,-39.27314],[-71.86154,-39.27385],[-71.86254,-39.27432],[-71.86386,-39.2751],[-71.86685,-39.27731],[-71.86667,-39.27567],[-71.86624,-39.27507],[-71.86472,-39.27387],[-71.86414,-39.2732],[-71.86414,-39.27244],[-71.8647,-39.27191],[-71.86734,-39.2704],[-71.86844,-39.26863],[-71.86909,-39.26828],[-71.87014,-39.26812],[-71.87128,-39.26819],[-71.87359,-39.26863],[-71.8756,-39.26878],[-71.8795,-39.26829],[-71.88173,-39.2685],[-71.88336,-39.26888],[-71.88437,-39.26821],[-71.88635,-39.26779],[-71.89062,-39.26798],[-71.89239,-39.26727],[-71.89318,-39.26715],[-71.89272,-39.26651],[-71.89225,-39.26619],[-71.89082,-39.26552],[-71.88915,-39.26504],[-71.88758,-39.26351],[-71.88683,-39.26318],[-71.88271,-39.26304],[-71.88148,-39.26271],[-71.87327,-39.2572],[-71.87054,-39.25667],[-71.86952,-39.25632],[-71.8686,-39.25577],[-71.86823,-39.25542],[-71.86766,-39.2542],[-71.84717,-39.2542],[-71.84853,-39.25673],[-71.84889,-39.25782],[-71.84957,-39.26113],[-71.84954,-39.26204]]]},"properties":{"peligro":"Medio"}},{"type":"Feature","geometry":{"type":"Polygon","coordinates":[[[-71.99173,-39.28386],[-71.99154,-39.28515],[-71.99109,-39.28622],[-71.99048,-39.28719],[-71.98925,-39.28786],[-71.98659,-39.28853],[-71.98587,-39.28894],[-71.98525,-39.28972],[-71.98513,-39.29147],[-71.98524,-39.29232],[-71.98668,-39.29538],[-71.98726,-39.29511],[-71.98979,-39.29476],[-71.99444,-39.2949],[-71.9997,-39.29445],[-72.00082,-39.29402],[-72.00133,-39.2936],[-72.00184,-39.29295],[-72.00207,-39.29137],[-72.00022,-39.28959],[-71.99918,-39.28796],[-71.99802,-39.28808],[-71.99757,-39.28779],[-71.99757,-39.2864],[-71.99668,-39.28479],[-71.99504,-39.28406],[-71.9945,-39.28351],[-71.99173,-39.28386]]]},"properties":{"peligro":"Medio"}},{"type":"Feature","geometry":{"type":"Polygon","coordinates":[[[-72.01303,-39.29463],[-72.01099,-39.29377],[-72.00995,-39.29312],[-72.00778,-39.29401],[-72.00651,-39.29477],[-72.00538,-39.29598],[-72.0048,-39.29688],[-72.00379,-39.29898],[-72.00257,-39.30232],[-72.0011,-39.30508],[-71.99753,-39.30971],[-71.99428,-39.31321],[-71.99236,-39.31506],[-71.99067,-39.31635],[-71.98513,-39.31827],[-71.98152,-39.32013],[-71.98008,-39.32147],[-71.97933,-39.32261],[-71.97882,-39.32386],[-71.97874,-39.32437],[-71.97893,-39.32468],[-71.97961,-39.32499],[-71.98019,-39.32496],[-71.9823,-39.32433],[-71.9899,-39.32046],[-71.99738,-39.31569],[-72.00275,-39.31201],[-72.00657,-39.31006],[-72.00853,-39.30842],[-72.00981,-39.30688],[-72.01067,-39.30546],[-72.01216,-39.30148],[-72.01297,-39.29733],[-72.01303,-39.29463]]]},"properties":{"peligro":"Medio"}},{"type":"Feature","geometry":{"type":"Polygon","coordinates":[[[-71.98806,-39.29923],[-71.98707,-39.30027],[-71.98672,-39.30102],[-71.98668,-39.30176],[-71.98706,-39.30281],[-71.9889,-39.3049],[-71.98906,-39.30567],[-71.98942,-39.30621],[-71.99073,-39.30635],[-71.99189,-39.30445],[-71.99286,-39.30359],[-71.99458,-39.30279],[-71.99501,-39.3023],[-71.9953,-39.30082],[-71.99473,-39.29987],[-71.99379,-39.29943],[-71.99219,-39.29955],[-71.98914,-39.29884],[-71.98806,-39.29923]]]},"properties":{"peligro":"Medio"}},{"type":"Feature","geometry":{"type":"Polygon","coordinates":[[[-71.98367,-39.30828],[-71.98416,-39.30832],[-71.98483,-39.30782],[-71.9864,-39.30581],[-71.9868,-39.3046],[-71.98675,-39.30393],[-71.98619,-39.30298],[-71.98489,-39.30223],[-71.98447,-39.30216],[-71.98316,-39.30244],[-71.98295,-39.30262],[-71.98252,-39.30331],[-71.98228,-39.30413],[-71.98223,-39.30576],[-71.98255,-39.30707],[-71.98317,-39.30802],[-71.98367,-39.30828]]]},"properties":{"peligro":"Medio"}},{"type":"Feature","geometry":{"type":"Polygon","coordinates":[[[-72.0157,-39.34],[-72.01581,-39.34031],[-72.01659,-39.34034],[-72.01759,-39.33988],[-72.01898,-39.33894],[-72.02,-39.338582],[-72.02,-39.331044],[-72.01743,-39.33147],[-72.0169,-39.33171],[-72.01633,-39.33245],[-72.01627,-39.33293],[-72.01736,-39.336],[-72.01749,-39.3371],[-72.01558,-39.33963],[-72.0157,-39.34]]]},"properties":{"peligro":"Medio"}},{"type":"Feature","geometry":{"type":"Polygon","coordinates":[[[-72.00163,-39.31929],[-71.99924,-39.32122],[-71.99617,-39.32433],[-71.99252,-39.32734],[-71.98929,-39.33091],[-71.98832,-39.33277],[-71.98741,-39.33494],[-71.98728,-39.33566],[-71.98739,-39.33695],[-71.9877,-39.33793],[-71.98942,-39.34141],[-71.9896,-39.34265],[-71.98948,-39.34323],[-71.98895,-39.34399],[-71.98589,-39.34612],[-71.98396,-39.34771],[-71.98176,-39.35004],[-71.97999,-39.35137],[-71.9771,-39.35309],[-71.97193,-39.35692],[-71.96939,-39.35975],[-71.96834,-39.36134],[-71.96778,-39.36269],[-71.96664,-39.36663],[-71.96609,-39.37057],[-71.96558,-39.37185],[-71.96459,-39.37332],[-71.96127,-39.37745],[-71.95831,-39.38019],[-71.95502,-39.38385],[-71.9535,-39.38494],[-71.95294,-39.38502],[-71.95231,-39.38487],[-71.95381,-39.38679],[-71.95429,-39.38717],[-71.95502,-39.38726],[-71.95596,-39.38686],[-71.95783,-39.38544],[-71.96018,-39.3829],[-71.96139,-39.38208],[-71.96283,-39.38154],[-71.96702,-39.38106],[-71.97227,-39.38073],[-71.9734,-39.38039],[-71.97437,-39.37986],[-71.97602,-39.3782],[-71.97795,-39.37558],[-71.97875,-39.37487],[-71.98146,-39.37301],[-71.98341,-39.37196],[-71.98812,-39.36989],[-71.98922,-39.36927],[-71.99355,-39.36626],[-71.99609,-39.3643],[-71.99903,-39.36159],[-71.99976,-39.3604],[-71.99992,-39.35875],[-72.0003,-39.35783],[-72.0021,-39.35549],[-72.00312,-39.35388],[-72.00387,-39.35102],[-72.00445,-39.34958],[-72.00659,-39.3476],[-72.009,-39.34134],[-72.00963,-39.34064],[-72.01099,-39.33984],[-72.00949,-39.33913],[-72.00641,-39.33919],[-72.00416,-39.338],[-72.00353,-39.33733],[-72.00326,-39.33673],[-72.00318,-39.33606],[-72.00359,-39.33442],[-72.005,-39.33157],[-72.00531,-39.32956],[-72.00529,-39.32488],[-72.00558,-39.32378],[-72.00748,-39.31961],[-72.00914,-39.31524],[-72.00786,-39.31627],[-72.0042,-39.31768],[-72.00163,-39.31929]]]},"properties":{"peligro":"Medio"}},{"type":"Feature","geometry":{"type":"Polygon","coordinates":[[[-71.87816,-39.33557],[-71.87938,-39.33411],[-71.87987,-39.33265],[-71.88048,-39.33238],[-71.88136,-39.33239],[-71.87929,-39.32897],[-71.87876,-39.3263],[-71.87856,-39.3261],[-71.87799,-39.32604],[-71.87749,-39.32647],[-71.87735,-39.32702],[-71.87708,-39.32988],[-71.87731,-39.33052],[-71.87845,-39.33232],[-71.87865,-39.33304],[-71.87843,-39.33483],[-71.87816,-39.33557]]]},"properties":{"peligro":"Medio"}},{"type":"Feature","geometry":{"type":"Polygon","coordinates":[[[-71.84367,-39.35275],[-71.84477,-39.35333],[-71.84536,-39.35328],[-71.84575,-39.35314],[-71.8462,-39.35267],[-71.84643,-39.35198],[-71.84651,-39.35047],[-71.84631,-39.34856],[-71.84612,-39.34775],[-71.84504,-39.34528],[-71.84495,-39.34453],[-71.84511,-39.34301],[-71.84558,-39.34215],[-71.84793,-39.33996],[-71.84862,-39.33853],[-71.8489,-39.33621],[-71.8497,-39.33389],[-71.84955,-39.33097],[-71.84858,-39.32992],[-71.84755,-39.32953],[-71.84631,-39.32963],[-71.84561,-39.32995],[-71.84431,-39.33086],[-71.84321,-39.33235],[-71.84306,-39.33316],[-71.84313,-39.33487],[-71.84289,-39.33658],[-71.84212,-39.33856],[-71.84123,-39.34176],[-71.84074,-39.34278],[-71.84069,-39.34564],[-71.84098,-39.34761],[-71.84165,-39.34943],[-71.84367,-39.35275]]]},"properties":{"peligro":"Medio"}},{"type":"Feature","geometry":{"type":"Polygon","coordinates":[[[-71.81984,-39.34927],[-71.82074,-39.34948],[-71.82178,-39.34944],[-71.82247,-39.349],[-71.82333,-39.34743],[-71.82496,-39.34591],[-71.8257,-39.34558],[-71.82873,-39.3449],[-71.82991,-39.34433],[-71.83066,-39.34369],[-71.83179,-39.34239],[-71.83337,-39.3401],[-71.83539,-39.33589],[-71.83572,-39.33481],[-71.83577,-39.33388],[-71.83562,-39.33354],[-71.83476,-39.33267],[-71.83295,-39.33228],[-71.83162,-39.33236],[-71.82805,-39.33481],[-71.82711,-39.33507],[-71.82278,-39.33693],[-71.82038,-39.33814],[-71.81955,-39.33884],[-71.8187,-39.34],[-71.81805,-39.34152],[-71.81767,-39.34295],[-71.81754,-39.34433],[-71.81868,-39.34763],[-71.81909,-39.34849],[-71.81984,-39.34927]]]},"properties":{"peligro":"Medio"}},{"type":"Feature","geometry":{"type":"Polygon","coordinates":[[[-71.89793,-39.35747],[-71.89809,-39.35646],[-71.89845,-39.35589],[-71.89926,-39.35518],[-71.90159,-39.35399],[-71.90348,-39.35251],[-71.9042,-39.35213],[-71.90537,-39.35209],[-71.90799,-39.35248],[-71.91045,-39.35248],[-71.91372,-39.35466],[-71.91467,-39.35786],[-71.91567,-39.35965],[-71.91637,-39.36206],[-71.91626,-39.36383],[-71.9156,-39.36656],[-71.91575,-39.36723],[-71.91615,-39.36783],[-71.91738,-39.36872],[-71.91842,-39.37039],[-71.92444,-39.37653],[-71.92524,-39.37762],[-71.92533,-39.37822],[-71.92517,-39.37896],[-71.92443,-39.37901],[-71.91772,-39.37525],[-71.9155,-39.37468],[-71.9142,-39.37464],[-71.91812,-39.37644],[-71.92095,-39.3783],[-71.92171,-39.37896],[-71.92478,-39.38244],[-71.92576,-39.38223],[-71.92778,-39.37992],[-71.93062,-39.37745],[-71.93364,-39.37601],[-71.93615,-39.37449],[-71.93689,-39.3737],[-71.93758,-39.37207],[-71.9376,-39.37088],[-71.938,-39.36877],[-71.93836,-39.36824],[-71.93881,-39.36792],[-71.93837,-39.36781],[-71.93764,-39.36799],[-71.93537,-39.37028],[-71.93326,-39.37303],[-71.93166,-39.37446],[-71.92936,-39.37568],[-71.92811,-39.37528],[-71.92748,-39.37427],[-71.92703,-39.37251],[-71.92546,-39.37036],[-71.92156,-39.36687],[-71.91993,-39.3652],[-71.91963,-39.36288],[-71.91994,-39.36174],[-71.91989,-39.36075],[-71.91872,-39.359],[-71.91716,-39.35743],[-71.91658,-39.35609],[-71.91606,-39.35387],[-71.91571,-39.35336],[-71.91322,-39.35137],[-71.91258,-39.35104],[-71.91043,-39.35027],[-71.90483,-39.34943],[-71.89955,-39.34942],[-71.89535,-39.34875],[-71.89404,-39.34807],[-71.89279,-39.34673],[-71.89216,-39.34629],[-71.88914,-39.34474],[-71.88853,-39.34422],[-71.88804,-39.34349],[-71.88827,-39.34501],[-71.88862,-39.34541],[-71.88982,-39.34608],[-71.89028,-39.34653],[-71.89112,-39.34826],[-71.89254,-39.34902],[-71.89605,-39.35016],[-71.89686,-39.35065],[-71.89785,-39.35189],[-71.89806,-39.35249],[-71.89805,-39.35385],[-71.89766,-39.35548],[-71.89793,-39.35747]]]},"properties":{"peligro":"Medio"}},{"type":"Feature","geometry":{"type":"Polygon","coordinates":[[[-71.78075,-39.35948],[-71.78106,-39.36008],[-71.7812,-39.36181],[-71.78041,-39.36428],[-71.78072,-39.3663],[-71.78182,-39.3677],[-71.78286,-39.3684],[-71.78383,-39.36864],[-71.78489,-39.36865],[-71.78514,-39.36849],[-71.78553,-39.36781],[-71.78581,-39.36645],[-71.78566,-39.36334],[-71.7853,-39.36232],[-71.78418,-39.36038],[-71.78308,-39.35908],[-71.7821,-39.35861],[-71.78149,-39.35858],[-71.78083,-39.35888],[-71.78075,-39.35948]]]},"properties":{"peligro":"Medio"}},{"type":"Feature","geometry":{"type":"Polygon","coordinates":[[[-71.97457,-39.38472],[-71.97403,-39.38538],[-71.9737,-39.38613],[-71.97392,-39.38625],[-71.97531,-39.38592],[-71.97642,-39.38539],[-71.97768,-39.38513],[-71.979,-39.38511],[-71.98398,-39.38573],[-71.98631,-39.38571],[-71.98916,-39.38497],[-71.99335,-39.38266],[-71.99703,-39.38001],[-71.9988,-39.37816],[-72.00336,-39.37153],[-72.00347,-39.36943],[-72.00435,-39.36616],[-72.00417,-39.36535],[-72.00396,-39.36507],[-72.00297,-39.36454],[-72.00127,-39.36464],[-71.99951,-39.36526],[-71.99165,-39.37028],[-71.98506,-39.37342],[-71.98235,-39.37495],[-71.98023,-39.37654],[-71.9767,-39.38029],[-71.97566,-39.38184],[-71.97509,-39.3837],[-71.97457,-39.38472]]]},"properties":{"peligro":"Medio"}},{"type":"Feature","geometry":{"type":"Polygon","coordinates":[[[-71.86554,-39.39373],[-71.86608,-39.39392],[-71.86688,-39.39318],[-71.86732,-39.39216],[-71.86864,-39.39057],[-71.87065,-39.38857],[-71.87155,-39.38738],[-71.8726,-39.38554],[-71.87275,-39.38492],[-71.87269,-39.3838],[-71.87217,-39.38299],[-71.87174,-39.38253],[-71.87118,-39.38226],[-71.86985,-39.38211],[-71.86913,-39.38183],[-71.8684,-39.38067],[-71.86782,-39.37869],[-71.86748,-39.37836],[-71.86692,-39.37825],[-71.86653,-39.37826],[-71.86596,-39.3787],[-71.8657,-39.37961],[-71.86566,-39.38046],[-71.86583,-39.38166],[-71.86642,-39.38318],[-71.86663,-39.3847],[-71.86583,-39.38639],[-71.86484,-39.38751],[-71.86466,-39.38835],[-71.86473,-39.38915],[-71.86537,-39.39118],[-71.86509,-39.39292],[-71.86519,-39.39339],[-71.86554,-39.39373]]]},"properties":{"peligro":"Medio"}},{"type":"Feature","geometry":{"type":"Polygon","coordinates":[[[-71.90177,-39.38582],[-71.90297,-39.38777],[-71.903,-39.38915],[-71.90287,-39.39041],[-71.90236,-39.39236],[-71.90158,-39.39462],[-71.90122,-39.39474],[-71.90074,-39.39455],[-71.90021,-39.39421],[-71.89993,-39.39376],[-71.89939,-39.39277],[-71.89822,-39.38933],[-71.89758,-39.38816],[-71.89661,-39.38715],[-71.89356,-39.38486],[-71.89243,-39.38422],[-71.89293,-39.38508],[-71.89334,-39.38685],[-71.89298,-39.38902],[-71.89328,-39.3904],[-71.89371,-39.39093],[-71.89637,-39.3928],[-71.90094,-39.39669],[-71.90231,-39.39829],[-71.90336,-39.39913],[-71.9045,-39.39964],[-71.90863,-39.401],[-71.91076,-39.40197],[-71.9117,-39.40266],[-71.91285,-39.40422],[-71.9132,-39.40443],[-71.91349,-39.40428],[-71.91389,-39.40234],[-71.91388,-39.39871],[-71.91354,-39.39729],[-71.91237,-39.39516],[-71.90976,-39.39112],[-71.90794,-39.38939],[-71.90719,-39.38786],[-71.9062,-39.38702],[-71.90435,-39.38617],[-71.90177,-39.38582]]]},"properties":{"peligro":"Medio"}},{"type":"Feature","geometry":{"type":"Polygon","coordinates":[[[-71.87566,-39.41414],[-71.87637,-39.41428],[-71.87724,-39.41278],[-71.87764,-39.41191],[-71.87757,-39.41077],[-71.87657,-39.40891],[-71.87546,-39.4043],[-71.87462,-39.39953],[-71.87452,-39.39692],[-71.87381,-39.39582],[-71.87338,-39.39548],[-71.87283,-39.3953],[-71.87234,-39.39555],[-71.87192,-39.3961],[-71.87083,-39.39861],[-71.87028,-39.39935],[-71.86976,-39.40088],[-71.86981,-39.4016],[-71.87171,-39.40473],[-71.87198,-39.40739],[-71.87248,-39.40889],[-71.87477,-39.41118],[-71.87496,-39.41172],[-71.87467,-39.41345],[-71.87478,-39.41384],[-71.87566,-39.41414]]]},"properties":{"peligro":"Medio"}},{"type":"Feature","geometry":{"type":"Polygon","coordinates":[[[-71.90658,-39.41349],[-71.90729,-39.41376],[-71.90954,-39.41397],[-71.91003,-39.41387],[-71.91026,-39.4137],[-71.91033,-39.41337],[-71.91022,-39.41228],[-71.90907,-39.41141],[-71.90755,-39.40993],[-71.90499,-39.4066],[-71.90393,-39.40549],[-71.90313,-39.40476],[-71.90203,-39.40413],[-71.90049,-39.40356],[-71.89744,-39.40362],[-71.8966,-39.40351],[-71.89504,-39.40282],[-71.89306,-39.40143],[-71.88984,-39.39769],[-71.88972,-39.39836],[-71.88994,-39.39933],[-71.89118,-39.40132],[-71.89183,-39.40202],[-71.89381,-39.40353],[-71.89749,-39.40535],[-71.89987,-39.40675],[-71.90067,-39.40754],[-71.9037,-39.41132],[-71.90568,-39.41305],[-71.90658,-39.41349]]]},"properties":{"peligro":"Medio"}},{"type":"Feature","geometry":{"type":"Polygon","coordinates":[[[-71.76664,-39.41484],[-71.76756,-39.41329],[-71.76853,-39.41092],[-71.76869,-39.40892],[-71.76858,-39.40653],[-71.76808,-39.40495],[-71.76748,-39.41088],[-71.76664,-39.41484]]]},"properties":{"peligro":"Medio"}},{"type":"Feature","geometry":{"type":"Polygon","coordinates":[[[-71.77642,-39.41183],[-71.77671,-39.41281],[-71.77723,-39.41361],[-71.77774,-39.41405],[-71.77972,-39.41512],[-71.78114,-39.41556],[-71.78442,-39.41556],[-71.78805,-39.41596],[-71.79056,-39.4158],[-71.79158,-39.41539],[-71.79286,-39.41469],[-71.7937,-39.41404],[-71.79415,-39.41353],[-71.79428,-39.41284],[-71.79416,-39.41229],[-71.79343,-39.41202],[-71.79208,-39.41188],[-71.78819,-39.41076],[-71.78705,-39.41028],[-71.78484,-39.40848],[-71.78322,-39.40861],[-71.78207,-39.4094],[-71.78063,-39.40957],[-71.77927,-39.40903],[-71.77805,-39.40892],[-71.77751,-39.40922],[-71.77642,-39.41183]]]},"properties":{"peligro":"Medio"}},{"type":"Feature","geometry":{"type":"Polygon","coordinates":[[[-71.78716,-39.41948],[-71.78857,-39.42132],[-71.78917,-39.42247],[-71.79229,-39.42962],[-71.79355,-39.43087],[-71.79455,-39.43089],[-71.79806,-39.42948],[-71.80124,-39.42941],[-71.80327,-39.42889],[-71.80672,-39.42882],[-71.80769,-39.42804],[-71.80775,-39.42758],[-71.80762,-39.42732],[-71.80607,-39.42511],[-71.80603,-39.42333],[-71.80293,-39.42192],[-71.80209,-39.42139],[-71.80095,-39.42041],[-71.80006,-39.41877],[-71.79963,-39.41827],[-71.79868,-39.4177],[-71.79671,-39.41767],[-71.79367,-39.41814],[-71.79188,-39.41825],[-71.78887,-39.41806],[-71.78773,-39.41869],[-71.78716,-39.41948]]]},"properties":{"peligro":"Medio"}},{"type":"Feature","geometry":{"type":"Polygon","coordinates":[[[-71.77167,-39.41818],[-71.77394,-39.41848],[-71.77519,-39.41896],[-71.77735,-39.42065],[-71.77918,-39.4235],[-71.78124,-39.42786],[-71.78253,-39.43171],[-71.78307,-39.43404],[-71.78314,-39.43508],[-71.78267,-39.43942],[-71.7821,-39.4422],[-71.78184,-39.44569],[-71.78196,-39.44642],[-71.78271,-39.44787],[-71.78361,-39.44873],[-71.78543,-39.44291],[-71.78572,-39.4407],[-71.78578,-39.43807],[-71.78552,-39.43558],[-71.78503,-39.43296],[-71.7845,-39.43056],[-71.78345,-39.42741],[-71.78262,-39.42578],[-71.78017,-39.42202],[-71.7773,-39.41844],[-71.77663,-39.41799],[-71.77167,-39.41818]]]},"properties":{"peligro":"Medio"}},{"type":"Feature","geometry":{"type":"Polygon","coordinates":[[[-71.79223,-39.43676],[-71.79034,-39.43946],[-71.7902,-39.44032],[-71.79016,-39.44127],[-71.79062,-39.4425],[-71.79145,-39.44373],[-71.79512,-39.44762],[-71.79651,-39.44805],[-71.79898,-39.4484],[-71.80001,-39.4489],[-71.8026,-39.45108],[-71.80467,-39.45181],[-71.80592,-39.45214],[-71.80729,-39.45214],[-71.80916,-39.45183],[-71.81357,-39.45192],[-71.8178,-39.45179],[-71.82017,-39.45102],[-71.82198,-39.45011],[-71.82271,-39.44951],[-71.82339,-39.44856],[-71.82379,-39.44767],[-71.82403,-39.44588],[-71.82393,-39.44478],[-71.82293,-39.44358],[-71.82184,-39.44103],[-71.82071,-39.44004],[-71.81818,-39.43871],[-71.81666,-39.43809],[-71.81044,-39.43676],[-71.80673,-39.43645],[-71.80529,-39.43659],[-71.80036,-39.43803],[-71.79738,-39.43854],[-71.79651,-39.43852],[-71.79367,-39.43699],[-71.79223,-39.43676]]]},"properties":{"peligro":"Medio"}},{"type":"Feature","geometry":{"type":"Polygon","coordinates":[[[-71.79082,-39.45028],[-71.79299,-39.45001],[-71.79143,-39.44858],[-71.78877,-39.44731],[-71.79082,-39.45028]]]},"properties":{"peligro":"Medio"}},{"type":"Feature","geometry":{"type":"Polygon","coordinates":[[[-71.99257,-39.45316],[-71.99523,-39.45275],[-71.99616,-39.45271],[-71.99718,-39.45288],[-71.9988,-39.45365],[-72.00118,-39.45564],[-72.00192,-39.45591],[-72.00372,-39.45587],[-72.00546,-39.45547],[-72.00499,-39.45542],[-72.00374,-39.45459],[-72.00283,-39.45376],[-72.00177,-39.45134],[-72.00102,-39.45049],[-71.99908,-39.44974],[-71.99605,-39.4499],[-71.99458,-39.44967],[-71.9932,-39.44976],[-71.99252,-39.45015],[-71.99223,-39.45085],[-71.99222,-39.45259],[-71.99257,-39.45316]]]},"properties":{"peligro":"Medio"}},{"type":"Feature","geometry":{"type":"Polygon","coordinates":[[[-71.92126,-39.45845],[-71.92035,-39.45963],[-71.919913,-39.46],[-71.923596,-39.46],[-71.92463,-39.45708],[-71.92478,-39.45611],[-71.92453,-39.45495],[-71.92429,-39.45464],[-71.92371,-39.45456],[-71.92309,-39.45497],[-71.92276,-39.45545],[-71.92126,-39.45845]]]},"properties":{"peligro":"Medio"}},{"type":"Feature","geometry":{"type":"Polygon","coordinates":[[[-71.88716,-39.45839],[-71.886814,-39.46],[-71.89228,-39.46],[-71.89288,-39.4583],[-71.89323,-39.45671],[-71.89308,-39.45567],[-71.88881,-39.45778],[-71.88716,-39.45839]]]},"properties":{"peligro":"Medio"}},{"type":"Feature","geometry":{"type":"Polygon","coordinates":[[[-71.973929,-39.46],[-71.9739,-39.45999],[-71.973829,-39.46],[-71.973929,-39.46]]]},"properties":{"peligro":"Medio"}},{"type":"Feature","geometry":{"type":"Polygon","coordinates":[[[-71.75214,-39.31946],[-71.7542,-39.31897],[-71.75827,-39.31873],[-71.76201,-39.31974],[-71.76312,-39.32084],[-71.76304,-39.31949],[-71.76317,-39.31869],[-71.76384,-39.31722],[-71.76523,-39.31584],[-71.76679,-39.31596],[-71.76813,-39.31646],[-71.76889,-39.31705],[-71.76917,-39.31792],[-71.76912,-39.31851],[-71.76854,-39.31958],[-71.7664,-39.32222],[-71.76555,-39.32283],[-71.76905,-39.32252],[-71.77234,-39.32185],[-71.77585,-39.3217],[-71.77937,-39.32213],[-71.78255,-39.32331],[-71.786,-39.32418],[-71.78793,-39.32502],[-71.79166,-39.32581],[-71.79549,-39.32646],[-71.79691,-39.32656],[-71.79912,-39.32836],[-71.80336,-39.33017],[-71.80583,-39.33059],[-71.80832,-39.33081],[-71.81225,-39.33163],[-71.81308,-39.33164],[-71.81611,-39.33099],[-71.81893,-39.32992],[-71.8218,-39.32957],[-71.82306,-39.32883],[-71.82493,-39.3283],[-71.82665,-39.32755],[-71.82878,-39.32605],[-71.82994,-39.3249],[-71.83065,-39.32335],[-71.83124,-39.32247],[-71.83281,-39.32063],[-71.83341,-39.32022],[-71.83365,-39.31939],[-71.83466,-39.31797],[-71.83694,-39.31338],[-71.83818,-39.312],[-71.84007,-39.31107],[-71.84101,-39.31026],[-71.84146,-39.30973],[-71.84191,-39.30881],[-71.84201,-39.30774],[-71.84238,-39.30685],[-71.84431,-39.30501],[-71.84461,-39.30449],[-71.84488,-39.30213],[-71.84453,-39.30149],[-71.84463,-39.30089],[-71.84441,-39.29959],[-71.84459,-39.29835],[-71.84506,-39.29741],[-71.84726,-39.29571],[-71.84748,-39.29152],[-71.84801,-39.29016],[-71.84856,-39.28951],[-71.84981,-39.28643],[-71.84993,-39.28508],[-71.84945,-39.28379],[-71.84937,-39.28312],[-71.84979,-39.28165],[-71.85116,-39.28014],[-71.85273,-39.27934],[-71.85371,-39.27911],[-71.85748,-39.27884],[-71.85992,-39.27804],[-71.85895,-39.27563],[-71.85835,-39.27518],[-71.85505,-39.27354],[-71.85405,-39.27287],[-71.85267,-39.27128],[-71.85214,-39.27039],[-71.85213,-39.26961],[-71.85238,-39.26927],[-71.85272,-39.26912],[-71.85412,-39.26892],[-71.8559,-39.26934],[-71.85769,-39.27007],[-71.85815,-39.27046],[-71.85931,-39.27079],[-71.86178,-39.27112],[-71.86308,-39.27103],[-71.86419,-39.27034],[-71.86519,-39.26877],[-71.86596,-39.26716],[-71.86622,-39.26611],[-71.86614,-39.26482],[-71.86584,-39.26446],[-71.8651,-39.26407],[-71.86323,-39.26332],[-71.86154,-39.2629],[-71.85816,-39.26274],[-71.85758,-39.26242],[-71.85711,-39.26175],[-71.85692,-39.26021],[-71.85638,-39.25857],[-71.85549,-39.25797],[-71.854,-39.25768],[-71.85251,-39.25797],[-71.85094,-39.25871],[-71.8504,-39.2592],[-71.84987,-39.26041],[-71.84928,-39.2629],[-71.84869,-39.26352],[-71.84729,-39.26384],[-71.84633,-39.2635],[-71.84544,-39.26274],[-71.84387,-39.25883],[-71.84304,-39.25732],[-71.84284,-39.2556],[-71.84298,-39.2542],[-71.83448,-39.2542],[-71.83418,-39.25485],[-71.83385,-39.25663],[-71.83235,-39.26054],[-71.83017,-39.2609],[-71.82618,-39.25962],[-71.82175,-39.25714],[-71.81974,-39.25689],[-71.81697,-39.25682],[-71.81164,-39.25746],[-71.81084,-39.25822],[-71.81102,-39.25999],[-71.80996,-39.26094],[-71.80794,-39.26108],[-71.8025,-39.26034],[-71.80113,-39.2609],[-71.80065,-39.26147],[-71.79982,-39.26184],[-71.79845,-39.26187],[-71.7963,-39.26114],[-71.7954,-39.26036],[-71.79508,-39.25959],[-71.79432,-39.25914],[-71.79223,-39.2589],[-71.79098,-39.258],[-71.78979,-39.25763],[-71.78675,-39.25755],[-71.78551,-39.25741],[-71.78417,-39.25704],[-71.78213,-39.2572],[-71.7815,-39.25749],[-71.78101,-39.25795],[-71.7807,-39.25856],[-71.78052,-39.25934],[-71.7805,-39.26107],[-71.78088,-39.26255],[-71.78218,-39.26522],[-71.78222,-39.26598],[-71.78054,-39.26917],[-71.78045,-39.27113],[-71.78111,-39.2733],[-71.78151,-39.27567],[-71.78033,-39.27937],[-71.77632,-39.28393],[-71.77456,-39.28628],[-71.77123,-39.28895],[-71.76795,-39.29043],[-71.76588,-39.29158],[-71.76726,-39.29271],[-71.76853,-39.2934],[-71.76926,-39.29496],[-71.7692,-39.29614],[-71.76822,-39.29753],[-71.76803,-39.2991],[-71.76869,-39.30032],[-71.7703,-39.30128],[-71.77026,-39.3023],[-71.76812,-39.30318],[-71.7656,-39.30816],[-71.76303,-39.30951],[-71.75943,-39.31078],[-71.75547,-39.31147],[-71.75214,-39.31255],[-71.75214,-39.31946]],[[-71.85152,-39.26579],[-71.85112,-39.26536],[-71.85133,-39.26344],[-71.8518,-39.26228],[-71.85259,-39.2623],[-71.8531,-39.26283],[-71.85416,-39.26483],[-71.85426,-39.26544],[-71.8537,-39.26581],[-71.85254,-39.26591],[-71.85152,-39.26579]],[[-71.7716,-39.31187],[-71.77264,-39.31161],[-71.77328,-39.3117],[-71.77416,-39.31207],[-71.7747,-39.31255],[-71.77467,-39.31303],[-71.77276,-39.31427],[-71.77055,-39.31499],[-71.76867,-39.31418],[-71.76787,-39.31347],[-71.76781,-39.31302],[-71.76806,-39.31213],[-71.76859,-39.31174],[-71.7716,-39.31187]]]},"properties":{"peligro":"Alto"}},{"type":"Feature","geometry":{"type":"Polygon","coordinates":[[[-71.97503,-39.25706],[-71.97513,-39.25698],[-71.9753,-39.25678],[-71.97503,-39.25706]]]},"properties":{"peligro":"Alto"}},{"type":"Feature","geometry":{"type":"Polygon","coordinates":[[[-71.97461,-39.25754],[-71.97477,-39.25738],[-71.97483,-39.25729],[-71.97461,-39.25754]]]},"properties":{"peligro":"Alto"}},{"type":"Feature","geometry":{"type":"Polygon","coordinates":[[[-71.97258,-39.25877],[-71.97253,-39.25919],[-71.97283,-39.25918],[-71.97381,-39.25871],[-71.97286,-39.25886],[-71.97258,-39.25877]]]},"properties":{"peligro":"Alto"}},{"type":"Feature","geometry":{"type":"Polygon","coordinates":[[[-71.9713,-39.25954],[-71.97207,-39.25909],[-71.97216,-39.25882],[-71.97145,-39.25915],[-71.9713,-39.25954]]]},"properties":{"peligro":"Alto"}},{"type":"Feature","geometry":{"type":"Polygon","coordinates":[[[-71.95267,-39.2633],[-71.95132,-39.26453],[-71.94861,-39.26559],[-71.94676,-39.26602],[-71.94276,-39.26792],[-71.93931,-39.26926],[-71.92807,-39.27485],[-71.92386,-39.27629],[-71.91963,-39.27698],[-71.917,-39.27764],[-71.91407,-39.27793],[-71.90848,-39.278],[-71.90724,-39.27773],[-71.90574,-39.27836],[-71.90434,-39.27869],[-71.9025,-39.27793],[-71.90134,-39.27722],[-71.89482,-39.27782],[-71.89003,-39.2789],[-71.87157,-39.28124],[-71.87031,-39.28211],[-71.86905,-39.28247],[-71.86591,-39.28239],[-71.86185,-39.28321],[-71.85878,-39.28476],[-71.85492,-39.2878],[-71.85352,-39.29063],[-71.85225,-39.29435],[-71.85151,-39.29717],[-71.85107,-39.29789],[-71.85084,-39.29789],[-71.85053,-39.29818],[-71.85013,-39.29941],[-71.84929,-39.29995],[-71.84901,-39.30034],[-71.84894,-39.30069],[-71.84909,-39.3011],[-71.84955,-39.30143],[-71.85066,-39.30419],[-71.85037,-39.30545],[-71.84727,-39.30674],[-71.84593,-39.30807],[-71.8451,-39.30867],[-71.84487,-39.309],[-71.84475,-39.31091],[-71.84261,-39.31375],[-71.84116,-39.31415],[-71.84074,-39.31563],[-71.83977,-39.31672],[-71.839,-39.31789],[-71.83785,-39.32048],[-71.83683,-39.32201],[-71.83561,-39.32307],[-71.83518,-39.32364],[-71.83445,-39.32594],[-71.83389,-39.32683],[-71.82968,-39.32997],[-71.82761,-39.33094],[-71.82371,-39.33243],[-71.82225,-39.33277],[-71.8205,-39.33292],[-71.81962,-39.33333],[-71.81605,-39.33333],[-71.81284,-39.33381],[-71.81123,-39.33375],[-71.80963,-39.33333],[-71.77917,-39.33333],[-71.77552,-39.33269],[-71.77181,-39.33233],[-71.76773,-39.33243],[-71.76599,-39.33268],[-71.76545,-39.33333],[-71.75214,-39.33342],[-71.76538,-39.33342],[-71.7657,-39.33531],[-71.76615,-39.3367],[-71.76704,-39.33816],[-71.76833,-39.33994],[-71.77241,-39.34365],[-71.77424,-39.34584],[-71.77479,-39.34812],[-71.7747,-39.3491],[-71.7749,-39.35017],[-71.7752,-39.3508],[-71.7766,-39.3521],[-71.77741,-39.35325],[-71.77879,-39.35629],[-71.78075,-39.35948],[-71.78083,-39.35888],[-71.78149,-39.35858],[-71.7821,-39.35861],[-71.78308,-39.35908],[-71.78473,-39.36124],[-71.78566,-39.36334],[-71.78581,-39.36645],[-71.78553,-39.36781],[-71.78514,-39.36849],[-71.78489,-39.36865],[-71.78383,-39.36864],[-71.78286,-39.3684],[-71.78182,-39.3677],[-71.78072,-39.3663],[-71.78041,-39.36428],[-71.78108,-39.36249],[-71.78121,-39.36134],[-71.78108,-39.36089],[-71.78092,-39.36184],[-71.77946,-39.36464],[-71.77955,-39.36524],[-71.7808,-39.3673],[-71.7827,-39.36952],[-71.7848,-39.37143],[-71.78638,-39.3718],[-71.78722,-39.37218],[-71.78828,-39.37316],[-71.78865,-39.37403],[-71.78877,-39.37481],[-71.78854,-39.37677],[-71.78772,-39.37846],[-71.78736,-39.38011],[-71.78781,-39.38377],[-71.78783,-39.38513],[-71.78744,-39.38848],[-71.7868,-39.38999],[-71.78555,-39.39184],[-71.78389,-39.39264],[-71.7805,-39.39389],[-71.77978,-39.39426],[-71.77862,-39.39527],[-71.77719,-39.39797],[-71.77496,-39.4006],[-71.77363,-39.40254],[-71.77337,-39.40316],[-71.7734,-39.40383],[-71.7738,-39.40453],[-71.77381,-39.40496],[-71.77304,-39.40717],[-71.77311,-39.40815],[-71.77334,-39.40862],[-71.7758,-39.41004],[-71.77631,-39.41067],[-71.77642,-39.41183],[-71.77751,-39.40922],[-71.77805,-39.40892],[-71.77927,-39.40903],[-71.78063,-39.40957],[-71.78207,-39.4094],[-71.78322,-39.40861],[-71.78484,-39.40848],[-71.78705,-39.41028],[-71.78819,-39.41076],[-71.79208,-39.41188],[-71.79343,-39.41202],[-71.79416,-39.41229],[-71.79428,-39.41284],[-71.79415,-39.41353],[-71.7937,-39.41404],[-71.79286,-39.41469],[-71.79056,-39.4158],[-71.78805,-39.41596],[-71.78442,-39.41556],[-71.78114,-39.41556],[-71.7832,-39.41625],[-71.78418,-39.4168],[-71.78519,-39.41749],[-71.78716,-39.41948],[-71.78773,-39.41869],[-71.78887,-39.41806],[-71.79188,-39.41825],[-71.79367,-39.41814],[-71.79671,-39.41767],[-71.79868,-39.4177],[-71.79963,-39.41827],[-71.80006,-39.41877],[-71.80095,-39.42041],[-71.80209,-39.42139],[-71.80293,-39.42192],[-71.80603,-39.42333],[-71.80607,-39.42511],[-71.80775,-39.42758],[-71.80769,-39.42804],[-71.80672,-39.42882],[-71.80327,-39.42889],[-71.80124,-39.42941],[-71.79806,-39.42948],[-71.79455,-39.43089],[-71.79355,-39.43087],[-71.79229,-39.42962],[-71.79345,-39.43212],[-71.79364,-39.43369],[-71.79333,-39.43505],[-71.79223,-39.43676],[-71.79367,-39.43699],[-71.79651,-39.43852],[-71.79738,-39.43854],[-71.80036,-39.43803],[-71.80529,-39.43659],[-71.80673,-39.43645],[-71.81044,-39.43676],[-71.81201,-39.43718],[-71.81541,-39.43773],[-71.81818,-39.43871],[-71.82071,-39.44004],[-71.82145,-39.44061],[-71.82233,-39.44194],[-71.82293,-39.44358],[-71.82393,-39.44478],[-71.82403,-39.44588],[-71.82379,-39.44767],[-71.82339,-39.44856],[-71.82271,-39.44951],[-71.82098,-39.45069],[-71.8178,-39.45179],[-71.81357,-39.45192],[-71.80916,-39.45183],[-71.80729,-39.45214],[-71.80592,-39.45214],[-71.8026,-39.45108],[-71.80001,-39.4489],[-71.79898,-39.4484],[-71.79567,-39.44787],[-71.79473,-39.44735],[-71.79336,-39.44561],[-71.79145,-39.44373],[-71.79062,-39.4425],[-71.79016,-39.44127],[-71.79034,-39.43946],[-71.78943,-39.44075],[-71.78813,-39.44342],[-71.78803,-39.44405],[-71.78828,-39.44561],[-71.78877,-39.44731],[-71.79143,-39.44858],[-71.79299,-39.45001],[-71.79434,-39.45036],[-71.79562,-39.45041],[-71.79685,-39.4507],[-71.79913,-39.45161],[-71.80007,-39.45226],[-71.80171,-39.45388],[-71.80287,-39.45473],[-71.80399,-39.45518],[-71.80701,-39.45569],[-71.80939,-39.45643],[-71.8116,-39.45857],[-71.81315,-39.45957],[-71.81385,-39.45985],[-71.81467,-39.45997],[-71.81563,-39.45972],[-71.81719,-39.45832],[-71.81945,-39.45757],[-71.82082,-39.45748],[-71.82297,-39.45819],[-71.826403,-39.46],[-71.843112,-39.46],[-71.84332,-39.4598],[-71.84424,-39.45786],[-71.84509,-39.45689],[-71.84633,-39.45612],[-71.8491,-39.45497],[-71.85074,-39.45407],[-71.85279,-39.45242],[-71.85418,-39.45175],[-71.85355,-39.4545],[-71.85236,-39.45768],[-71.850789,-39.46],[-71.856944,-39.46],[-71.85682,-39.45925],[-71.85708,-39.45795],[-71.85775,-39.45667],[-71.85844,-39.45377],[-71.8582,-39.45158],[-71.85811,-39.44776],[-71.85846,-39.44679],[-71.85901,-39.44606],[-71.86069,-39.44464],[-71.86176,-39.4441],[-71.86656,-39.44352],[-71.87062,-39.44277],[-71.87133,-39.44197],[-71.87128,-39.44142],[-71.87012,-39.44004],[-71.8695,-39.43869],[-71.86207,-39.44134],[-71.85889,-39.44373],[-71.85707,-39.44477],[-71.85653,-39.44525],[-71.85432,-39.44778],[-71.85292,-39.44984],[-71.85245,-39.45026],[-71.85074,-39.45136],[-71.8483,-39.45238],[-71.8465,-39.45353],[-71.84508,-39.45461],[-71.84214,-39.45814],[-71.8413,-39.4589],[-71.83889,-39.45973],[-71.83656,-39.45984],[-71.835809,-39.46],[-71.832819,-39.46],[-71.83059,-39.4592],[-71.82957,-39.45832],[-71.82784,-39.45743],[-71.82527,-39.45548],[-71.8244,-39.45499],[-71.8233,-39.45465],[-71.8221,-39.45458],[-71.81988,-39.45507],[-71.81722,-39.45631],[-71.81627,-39.45698],[-71.81512,-39.45831],[-71.81448,-39.45844],[-71.8136,-39.45833],[-71.81315,-39.45782],[-71.81298,-39.45737],[-71.81268,-39.45563],[-71.81207,-39.45509],[-71.81139,-39.45473],[-71.81184,-39.45387],[-71.81318,-39.45344],[-71.81694,-39.4537],[-71.8195,-39.45334],[-71.82194,-39.45229],[-71.82545,-39.44998],[-71.82606,-39.44928],[-71.82625,-39.44874],[-71.82626,-39.44825],[-71.82583,-39.44661],[-71.82655,-39.44366],[-71.82659,-39.44067],[-71.82679,-39.43988],[-71.82724,-39.43935],[-71.82796,-39.43903],[-71.83132,-39.43827],[-71.83469,-39.4372],[-71.83723,-39.43579],[-71.83791,-39.43524],[-71.83951,-39.43364],[-71.84091,-39.43172],[-71.84135,-39.43082],[-71.84169,-39.42969],[-71.84182,-39.42706],[-71.84128,-39.426],[-71.84021,-39.42465],[-71.83819,-39.42322],[-71.83685,-39.42261],[-71.83499,-39.42214],[-71.83048,-39.42229],[-71.82803,-39.42189],[-71.82273,-39.41952],[-71.82094,-39.41904],[-71.8152,-39.41841],[-71.81058,-39.41617],[-71.80783,-39.4152],[-71.80753,-39.41485],[-71.80798,-39.41465],[-71.81276,-39.41575],[-71.8153,-39.41585],[-71.81818,-39.4149],[-71.82196,-39.41331],[-71.8228,-39.41314],[-71.82377,-39.41335],[-71.82598,-39.41446],[-71.82768,-39.41577],[-71.83042,-39.41875],[-71.83193,-39.41943],[-71.8334,-39.41957],[-71.8366,-39.41817],[-71.83815,-39.41787],[-71.83963,-39.4181],[-71.84044,-39.41842],[-71.84288,-39.42016],[-71.84497,-39.42098],[-71.84704,-39.4215],[-71.84991,-39.42195],[-71.854,-39.42187],[-71.85492,-39.42172],[-71.85615,-39.42109],[-71.85729,-39.42021],[-71.85771,-39.41971],[-71.85822,-39.41855],[-71.85825,-39.4172],[-71.85841,-39.41681],[-71.85904,-39.41641],[-71.85947,-39.41638],[-71.86338,-39.41643],[-71.86588,-39.41669],[-71.87393,-39.41831],[-71.87513,-39.41874],[-71.87545,-39.41941],[-71.87605,-39.42012],[-71.87581,-39.419],[-71.87581,-39.41799],[-71.87609,-39.41688],[-71.87737,-39.4146],[-71.87854,-39.41312],[-71.87893,-39.41217],[-71.87895,-39.41156],[-71.87707,-39.40841],[-71.8767,-39.4071],[-71.87662,-39.40655],[-71.87698,-39.40548],[-71.87746,-39.40514],[-71.8781,-39.40504],[-71.87881,-39.40522],[-71.88003,-39.40591],[-71.88216,-39.40764],[-71.88432,-39.40988],[-71.88811,-39.41312],[-71.889,-39.41355],[-71.88991,-39.41379],[-71.89183,-39.41381],[-71.89287,-39.41398],[-71.89428,-39.41459],[-71.89463,-39.4144],[-71.89565,-39.41448],[-71.89761,-39.41372],[-71.89801,-39.4129],[-71.89876,-39.41279],[-71.89866,-39.4121],[-71.8988,-39.4119],[-71.89995,-39.41183],[-71.90001,-39.41133],[-71.89986,-39.41103],[-71.90014,-39.41074],[-71.90105,-39.41072],[-71.90338,-39.41225],[-71.90543,-39.41326],[-71.90658,-39.41349],[-71.90568,-39.41305],[-71.9037,-39.41132],[-71.90067,-39.40754],[-71.89987,-39.40675],[-71.89749,-39.40535],[-71.89381,-39.40353],[-71.89183,-39.40202],[-71.89118,-39.40132],[-71.88994,-39.39933],[-71.88972,-39.39836],[-71.88984,-39.39769],[-71.89306,-39.40143],[-71.89504,-39.40282],[-71.8966,-39.40351],[-71.89744,-39.40362],[-71.90049,-39.40356],[-71.90203,-39.40413],[-71.90313,-39.40476],[-71.90499,-39.4066],[-71.90755,-39.40993],[-71.90907,-39.41141],[-71.91022,-39.41228],[-71.90973,-39.41079],[-71.90874,-39.40933],[-71.90882,-39.40865],[-71.90948,-39.40864],[-71.91021,-39.40887],[-71.9109,-39.40876],[-71.91185,-39.40886],[-71.91323,-39.40953],[-71.91479,-39.41079],[-71.91729,-39.41094],[-71.91828,-39.41128],[-71.92038,-39.4127],[-71.92299,-39.41158],[-71.92298,-39.411],[-71.9221,-39.4099],[-71.91994,-39.40832],[-71.91916,-39.40747],[-71.91902,-39.40675],[-71.91936,-39.40538],[-71.91889,-39.40377],[-71.9195,-39.40292],[-71.92011,-39.40256],[-71.92085,-39.40238],[-71.92249,-39.4028],[-71.92497,-39.40515],[-71.92547,-39.40538],[-71.92596,-39.40542],[-71.92641,-39.40484],[-71.92801,-39.40605],[-71.92948,-39.40775],[-71.93134,-39.40945],[-71.93148,-39.40938],[-71.93156,-39.40853],[-71.93133,-39.40788],[-71.92954,-39.4057],[-71.92866,-39.4031],[-71.92872,-39.40277],[-71.92949,-39.40267],[-71.92991,-39.40289],[-71.93122,-39.40488],[-71.93417,-39.40804],[-71.93461,-39.40966],[-71.93566,-39.41224],[-71.93618,-39.41216],[-71.9367,-39.41054],[-71.9376,-39.40954],[-71.93878,-39.40938],[-71.94053,-39.40971],[-71.94181,-39.40969],[-71.94194,-39.40984],[-71.94148,-39.41087],[-71.94143,-39.41184],[-71.94161,-39.41226],[-71.94196,-39.41231],[-71.94267,-39.41219],[-71.94303,-39.41196],[-71.94361,-39.41122],[-71.94571,-39.40951],[-71.94665,-39.40909],[-71.94725,-39.40912],[-71.94784,-39.40928],[-71.94847,-39.40994],[-71.94937,-39.4104],[-71.94962,-39.41071],[-71.94961,-39.4114],[-71.94877,-39.41271],[-71.94704,-39.41447],[-71.94801,-39.4153],[-71.94904,-39.41431],[-71.95073,-39.41305],[-71.95315,-39.41296],[-71.9538,-39.41319],[-71.95398,-39.41337],[-71.95397,-39.41369],[-71.95356,-39.41423],[-71.94963,-39.41672],[-71.94911,-39.41721],[-71.94971,-39.41812],[-71.94983,-39.41856],[-71.94969,-39.4193],[-71.95008,-39.41986],[-71.95078,-39.42023],[-71.95145,-39.42032],[-71.95731,-39.42005],[-71.95779,-39.42033],[-71.95787,-39.42069],[-71.95751,-39.42191],[-71.95849,-39.4225],[-71.95873,-39.4229],[-71.95853,-39.42383],[-71.9578,-39.42418],[-71.95678,-39.42425],[-71.95379,-39.42543],[-71.95032,-39.42501],[-71.94974,-39.42512],[-71.94899,-39.42565],[-71.94914,-39.42604],[-71.94976,-39.42636],[-71.95215,-39.42725],[-71.95452,-39.42738],[-71.95542,-39.4277],[-71.95605,-39.42817],[-71.95675,-39.42959],[-71.95779,-39.43069],[-71.95897,-39.43155],[-71.95922,-39.43215],[-71.95919,-39.43253],[-71.95887,-39.43293],[-71.95774,-39.43315],[-71.95406,-39.43292],[-71.95245,-39.43321],[-71.95192,-39.43398],[-71.95171,-39.43474],[-71.95167,-39.4354],[-71.95199,-39.43583],[-71.95725,-39.4375],[-71.95769,-39.43781],[-71.95823,-39.43844],[-71.95858,-39.43937],[-71.9588,-39.44073],[-71.95914,-39.44124],[-71.95983,-39.44176],[-71.96026,-39.44259],[-71.95979,-39.44301],[-71.95925,-39.44319],[-71.95904,-39.44381],[-71.95841,-39.44411],[-71.95635,-39.44395],[-71.95631,-39.44432],[-71.95663,-39.44485],[-71.95534,-39.44505],[-71.95467,-39.4453],[-71.95432,-39.4457],[-71.95498,-39.4469],[-71.9535,-39.44684],[-71.95339,-39.44708],[-71.95366,-39.44764],[-71.95515,-39.44829],[-71.95653,-39.44857],[-71.95729,-39.4491],[-71.9573,-39.44952],[-71.95603,-39.44977],[-71.95578,-39.45042],[-71.95523,-39.45101],[-71.95559,-39.4518],[-71.95552,-39.45219],[-71.95474,-39.45231],[-71.95333,-39.45172],[-71.95273,-39.452],[-71.95225,-39.45274],[-71.95076,-39.45404],[-71.95025,-39.45495],[-71.94999,-39.45639],[-71.94953,-39.45664],[-71.94564,-39.45516],[-71.94518,-39.45468],[-71.9445,-39.45445],[-71.94407,-39.45461],[-71.94368,-39.45449],[-71.94319,-39.45362],[-71.94252,-39.45292],[-71.93977,-39.45186],[-71.93801,-39.45136],[-71.9375,-39.45143],[-71.93643,-39.45269],[-71.93566,-39.45426],[-71.93384,-39.45647],[-71.93358,-39.45724],[-71.93348,-39.45956],[-71.933358,-39.46],[-71.932184,-39.46],[-71.93209,-39.45979],[-71.93217,-39.45889],[-71.93314,-39.45637],[-71.93324,-39.45571],[-71.93301,-39.45407],[-71.93206,-39.45382],[-71.93147,-39.45438],[-71.93121,-39.45525],[-71.93139,-39.45809],[-71.93082,-39.45908],[-71.93035,-39.45936],[-71.929806,-39.46],[-71.92391,-39.46],[-71.92365,-39.45956],[-71.923573,-39.46],[-71.919913,-39.46],[-71.92035,-39.45963],[-71.92126,-39.45845],[-71.9205,-39.45848],[-71.91989,-39.4583],[-71.91849,-39.45742],[-71.9166,-39.45693],[-71.91611,-39.45663],[-71.91518,-39.45657],[-71.91448,-39.45609],[-71.9138,-39.45509],[-71.91321,-39.45472],[-71.91285,-39.45498],[-71.91261,-39.45567],[-71.91223,-39.45591],[-71.91057,-39.45644],[-71.91031,-39.45679],[-71.90929,-39.45738],[-71.90883,-39.45734],[-71.90833,-39.4569],[-71.90796,-39.45632],[-71.90731,-39.45377],[-71.90712,-39.45327],[-71.90671,-39.45282],[-71.90643,-39.45499],[-71.90651,-39.45788],[-71.90597,-39.45955],[-71.905579,-39.46],[-72.02,-39.46],[-72.02,-39.338582],[-72.01898,-39.33894],[-72.01759,-39.33988],[-72.01659,-39.34034],[-72.01581,-39.34031],[-72.0157,-39.34],[-72.01355,-39.33953],[-72.01156,-39.33962],[-72.01044,-39.34011],[-72.00963,-39.34064],[-72.009,-39.34134],[-72.00659,-39.3476],[-72.00445,-39.34958],[-72.00387,-39.35102],[-72.00312,-39.35388],[-72.0021,-39.35549],[-72.0003,-39.35783],[-71.99992,-39.35875],[-71.99976,-39.3604],[-71.99903,-39.36159],[-71.99609,-39.3643],[-71.99355,-39.36626],[-71.98922,-39.36927],[-71.98812,-39.36989],[-71.98341,-39.37196],[-71.98018,-39.37383],[-71.97795,-39.37558],[-71.97602,-39.3782],[-71.97437,-39.37986],[-71.9734,-39.38039],[-71.97227,-39.38073],[-71.96402,-39.38133],[-71.96283,-39.38154],[-71.96139,-39.38208],[-71.95953,-39.38348],[-71.95846,-39.3848],[-71.95726,-39.38595],[-71.95596,-39.38686],[-71.95473,-39.38728],[-71.95429,-39.38717],[-71.95381,-39.38679],[-71.95241,-39.38506],[-71.95213,-39.38454],[-71.9522,-39.38322],[-71.95456,-39.37886],[-71.95774,-39.37507],[-71.96,-39.37269],[-71.96221,-39.36963],[-71.96383,-39.36638],[-71.96543,-39.36201],[-71.97192,-39.35201],[-71.97446,-39.34941],[-71.97548,-39.348],[-71.97946,-39.34061],[-71.98019,-39.33861],[-71.98052,-39.33638],[-71.98098,-39.33458],[-71.9817,-39.33296],[-71.98584,-39.32881],[-71.99541,-39.3213],[-71.99665,-39.32049],[-71.99861,-39.3197],[-72.00163,-39.31929],[-72.0042,-39.31768],[-72.00786,-39.31627],[-72.0103,-39.3143],[-72.0143,-39.30923],[-72.01463,-39.30836],[-72.01464,-39.30762],[-72.01414,-39.30438],[-72.01431,-39.30269],[-72.01525,-39.29961],[-72.0159,-39.29828],[-72.01699,-39.2969],[-72.01303,-39.29463],[-72.01297,-39.29733],[-72.01267,-39.29921],[-72.01216,-39.30148],[-72.01105,-39.30464],[-72.00923,-39.30766],[-72.00657,-39.31006],[-72.00275,-39.31201],[-71.99738,-39.31569],[-71.9899,-39.32046],[-71.98811,-39.32143],[-71.98357,-39.32373],[-71.9811,-39.32478],[-71.97961,-39.32499],[-71.97893,-39.32468],[-71.97874,-39.32437],[-71.97882,-39.32386],[-71.97933,-39.32261],[-71.98008,-39.32147],[-71.98152,-39.32013],[-71.98513,-39.31827],[-71.99067,-39.31635],[-71.99236,-39.31506],[-71.99428,-39.31321],[-71.99753,-39.30971],[-72.0011,-39.30508],[-72.00257,-39.30232],[-72.00379,-39.29898],[-72.00538,-39.29598],[-72.00651,-39.29477],[-72.00715,-39.29434],[-72.00995,-39.29312],[-72.00902,-39.29247],[-72.00676,-39.28986],[-72.00567,-39.28898],[-72.00245,-39.28873],[-72.00216,-39.28896],[-71.99987,-39.28803],[-71.99925,-39.28795],[-71.99977,-39.28906],[-72.00207,-39.29137],[-72.00184,-39.29295],[-72.00082,-39.29402],[-71.9997,-39.29445],[-71.99444,-39.2949],[-71.98979,-39.29476],[-71.98726,-39.29511],[-71.98668,-39.29538],[-71.98524,-39.29232],[-71.98513,-39.29147],[-71.98525,-39.28972],[-71.98587,-39.28894],[-71.98659,-39.28853],[-71.98925,-39.28786],[-71.99048,-39.28719],[-71.99109,-39.28622],[-71.99154,-39.28515],[-71.99173,-39.28386],[-71.99147,-39.28372],[-71.98854,-39.27993],[-71.98736,-39.27902],[-71.98547,-39.27852],[-71.98387,-39.27838],[-71.98282,-39.27925],[-71.98098,-39.27997],[-71.98009,-39.28003],[-71.97931,-39.2797],[-71.97886,-39.27817],[-71.97907,-39.27727],[-71.97954,-39.27656],[-71.98056,-39.27582],[-71.98207,-39.27548],[-71.98309,-39.27547],[-71.98446,-39.27571],[-71.98728,-39.27709],[-71.98805,-39.27723],[-71.98609,-39.27608],[-71.98583,-39.27566],[-71.98602,-39.27509],[-71.98052,-39.2731],[-71.98033,-39.27212],[-71.97976,-39.27227],[-71.97901,-39.27186],[-71.97832,-39.27105],[-71.97734,-39.2704],[-71.97704,-39.26971],[-71.97531,-39.26783],[-71.97508,-39.26714],[-71.97431,-39.26635],[-71.97302,-39.26398],[-71.97179,-39.26394],[-71.96899,-39.26269],[-71.96488,-39.26176],[-71.96151,-39.2606],[-71.95864,-39.26008],[-71.95684,-39.26012],[-71.95409,-39.26158],[-71.95345,-39.26294],[-71.95267,-39.2633]],[[-71.98806,-39.29923],[-71.98914,-39.29884],[-71.99219,-39.29955],[-71.99379,-39.29943],[-71.99473,-39.29987],[-71.9953,-39.30082],[-71.99501,-39.3023],[-71.99458,-39.30279],[-71.99286,-39.30359],[-71.99189,-39.30445],[-71.99073,-39.30635],[-71.98942,-39.30621],[-71.98906,-39.30567],[-71.9889,-39.3049],[-71.98706,-39.30281],[-71.98668,-39.30176],[-71.98672,-39.30102],[-71.98707,-39.30027],[-71.98806,-39.29923]],[[-71.93881,-39.36792],[-71.93836,-39.36824],[-71.938,-39.36877],[-71.9376,-39.37088],[-71.93758,-39.37207],[-71.93689,-39.3737],[-71.93615,-39.37449],[-71.93364,-39.37601],[-71.93062,-39.37745],[-71.92778,-39.37992],[-71.92576,-39.38223],[-71.92478,-39.38244],[-71.92171,-39.37896],[-71.9191,-39.37699],[-71.9142,-39.37464],[-71.9097,-39.3736],[-71.90847,-39.37316],[-71.90648,-39.37202],[-71.90566,-39.37115],[-71.90498,-39.36988],[-71.90453,-39.36832],[-71.90416,-39.36613],[-71.90372,-39.36469],[-71.903,-39.36329],[-71.90128,-39.36104],[-71.89863,-39.35882],[-71.89812,-39.35799],[-71.89774,-39.35662],[-71.89766,-39.35548],[-71.89805,-39.35385],[-71.89806,-39.35249],[-71.89785,-39.35189],[-71.89686,-39.35065],[-71.89605,-39.35016],[-71.89254,-39.34902],[-71.89112,-39.34826],[-71.89028,-39.34653],[-71.88982,-39.34608],[-71.88862,-39.34541],[-71.88827,-39.34501],[-71.88804,-39.34349],[-71.88751,-39.34254],[-71.88735,-39.34189],[-71.88702,-39.33945],[-71.88662,-39.33774],[-71.88568,-39.33492],[-71.88545,-39.33372],[-71.88425,-39.33102],[-71.88412,-39.32903],[-71.88425,-39.32814],[-71.88468,-39.32725],[-71.88444,-39.3264],[-71.88396,-39.32609],[-71.88338,-39.32517],[-71.88328,-39.32467],[-71.88352,-39.32203],[-71.88422,-39.3183],[-71.88503,-39.31648],[-71.88738,-39.3143],[-71.89025,-39.30958],[-71.89297,-39.30581],[-71.89345,-39.3043],[-71.89423,-39.30275],[-71.89529,-39.3017],[-71.8969,-39.30095],[-71.89849,-39.30079],[-71.90074,-39.30295],[-71.90158,-39.30313],[-71.90404,-39.30297],[-71.90571,-39.30315],[-71.90723,-39.30364],[-71.91221,-39.30625],[-71.91595,-39.30526],[-71.91954,-39.30306],[-71.9214,-39.30244],[-71.92714,-39.30208],[-71.93365,-39.30061],[-71.93473,-39.30052],[-71.93772,-39.30074],[-71.94293,-39.30072],[-71.94513,-39.30123],[-71.95058,-39.30208],[-71.95497,-39.30334],[-71.95659,-39.30428],[-71.9578,-39.30545],[-71.95939,-39.30777],[-71.96248,-39.31121],[-71.96434,-39.31283],[-71.96531,-39.31415],[-71.96536,-39.31463],[-71.96479,-39.31799],[-71.96438,-39.31939],[-71.96319,-39.32156],[-71.96297,-39.32227],[-71.96303,-39.32362],[-71.96415,-39.32521],[-71.96678,-39.32733],[-71.96808,-39.32973],[-71.96827,-39.33106],[-71.96826,-39.33271],[-71.96801,-39.33413],[-71.96534,-39.33966],[-71.96234,-39.34366],[-71.95805,-39.34785],[-71.95534,-39.35141],[-71.95247,-39.35569],[-71.9485,-39.36306],[-71.94625,-39.36581],[-71.9447,-39.36707],[-71.94293,-39.36787],[-71.94014,-39.36809],[-71.93881,-39.36792]],[[-71.88136,-39.33239],[-71.88217,-39.33282],[-71.88253,-39.33378],[-71.88257,-39.33459],[-71.88295,-39.33545],[-71.88373,-39.33648],[-71.88423,-39.3375],[-71.88427,-39.34415],[-71.88388,-39.34473],[-71.88316,-39.34495],[-71.88237,-39.34482],[-71.88059,-39.34413],[-71.87974,-39.34367],[-71.87798,-39.34226],[-71.87687,-39.34051],[-71.87648,-39.33925],[-71.87648,-39.33736],[-71.87687,-39.33671],[-71.87816,-39.33557],[-71.87861,-39.33387],[-71.87865,-39.33304],[-71.87845,-39.33232],[-71.87731,-39.33052],[-71.87708,-39.32988],[-71.87749,-39.32647],[-71.87799,-39.32604],[-71.87856,-39.3261],[-71.87876,-39.3263],[-71.87929,-39.32897],[-71.88136,-39.33239]],[[-71.84367,-39.35275],[-71.84165,-39.34943],[-71.84098,-39.34761],[-71.84069,-39.34564],[-71.84074,-39.34278],[-71.84123,-39.34176],[-71.84212,-39.33856],[-71.84289,-39.33658],[-71.84313,-39.33487],[-71.84306,-39.33316],[-71.84321,-39.33235],[-71.84431,-39.33086],[-71.84561,-39.32995],[-71.84631,-39.32963],[-71.84755,-39.32953],[-71.84858,-39.32992],[-71.84955,-39.33097],[-71.8497,-39.33389],[-71.8489,-39.33621],[-71.84862,-39.33853],[-71.84793,-39.33996],[-71.84558,-39.34215],[-71.84511,-39.34301],[-71.84495,-39.34453],[-71.84504,-39.34528],[-71.84612,-39.34775],[-71.84631,-39.34856],[-71.84651,-39.35047],[-71.84643,-39.35198],[-71.8462,-39.35267],[-71.84575,-39.35314],[-71.84536,-39.35328],[-71.84477,-39.35333],[-71.84367,-39.35275]],[[-71.81984,-39.34927],[-71.81909,-39.34849],[-71.81868,-39.34763],[-71.81754,-39.34433],[-71.81767,-39.34295],[-71.81805,-39.34152],[-71.8187,-39.34],[-71.81955,-39.33884],[-71.82038,-39.33814],[-71.82278,-39.33693],[-71.82711,-39.33507],[-71.82805,-39.33481],[-71.83162,-39.33236],[-71.83295,-39.33228],[-71.83476,-39.33267],[-71.83562,-39.33354],[-71.83577,-39.33388],[-71.83572,-39.33481],[-71.83539,-39.33589],[-71.83337,-39.3401],[-71.83179,-39.34239],[-71.83066,-39.34369],[-71.82991,-39.34433],[-71.82873,-39.3449],[-71.8257,-39.34558],[-71.82496,-39.34591],[-71.82333,-39.34743],[-71.82247,-39.349],[-71.82178,-39.34944],[-71.82074,-39.34948],[-71.81984,-39.34927]],[[-71.8083,-39.34687],[-71.80876,-39.34642],[-71.80894,-39.34499],[-71.80945,-39.34488],[-71.81005,-39.34503],[-71.81133,-39.34624],[-71.81318,-39.34717],[-71.81397,-39.34795],[-71.81402,-39.34849],[-71.81375,-39.34953],[-71.81244,-39.35148],[-71.81173,-39.35285],[-71.8115,-39.35379],[-71.81158,-39.35527],[-71.81148,-39.35574],[-71.81123,-39.35603],[-71.81099,-39.35609],[-71.81039,-39.35589],[-71.80903,-39.35268],[-71.80839,-39.35162],[-71.80775,-39.35089],[-71.80348,-39.349],[-71.80292,-39.34847],[-71.80249,-39.34774],[-71.80235,-39.34725],[-71.80244,-39.34687],[-71.80292,-39.34623],[-71.80348,-39.34611],[-71.80449,-39.34614],[-71.80625,-39.34666],[-71.8083,-39.34687]],[[-71.90177,-39.38582],[-71.90435,-39.38617],[-71.9062,-39.38702],[-71.90719,-39.38786],[-71.90794,-39.38939],[-71.90976,-39.39112],[-71.91237,-39.39516],[-71.91354,-39.39729],[-71.91388,-39.39871],[-71.91389,-39.40234],[-71.91349,-39.40428],[-71.9132,-39.40443],[-71.91285,-39.40422],[-71.9117,-39.40266],[-71.91076,-39.40197],[-71.90863,-39.401],[-71.9045,-39.39964],[-71.90336,-39.39913],[-71.90231,-39.39829],[-71.90094,-39.39669],[-71.89637,-39.3928],[-71.89371,-39.39093],[-71.89328,-39.3904],[-71.89298,-39.38902],[-71.89334,-39.38685],[-71.89293,-39.38508],[-71.89243,-39.38422],[-71.89118,-39.38328],[-71.88849,-39.37993],[-71.8877,-39.37831],[-71.88727,-39.37696],[-71.88611,-39.37544],[-71.88313,-39.373],[-71.87932,-39.37058],[-71.87549,-39.36782],[-71.87197,-39.36351],[-71.87127,-39.36228],[-71.86974,-39.35638],[-71.86928,-39.35358],[-71.86883,-39.34892],[-71.86809,-39.34631],[-71.86706,-39.3447],[-71.86696,-39.34424],[-71.86791,-39.34235],[-71.86784,-39.34142],[-71.86818,-39.34034],[-71.86884,-39.34047],[-71.86938,-39.34093],[-71.86985,-39.3417],[-71.87138,-39.34222],[-71.87183,-39.34257],[-71.87299,-39.34487],[-71.87512,-39.34827],[-71.87802,-39.35231],[-71.88092,-39.35539],[-71.88418,-39.35776],[-71.88985,-39.36066],[-71.89039,-39.36111],[-71.89117,-39.36286],[-71.89266,-39.36421],[-71.89314,-39.36517],[-71.8932,-39.36591],[-71.89265,-39.369],[-71.89222,-39.37035],[-71.89216,-39.37134],[-71.89246,-39.37253],[-71.89352,-39.37486],[-71.89526,-39.37796],[-71.89711,-39.38063],[-71.90177,-39.38582]],[[-71.86554,-39.39373],[-71.86519,-39.39339],[-71.86509,-39.39292],[-71.86537,-39.39118],[-71.86473,-39.38915],[-71.86466,-39.38835],[-71.86484,-39.38751],[-71.86583,-39.38639],[-71.86663,-39.3847],[-71.86642,-39.38318],[-71.86583,-39.38166],[-71.86566,-39.38046],[-71.8657,-39.37961],[-71.86596,-39.3787],[-71.86653,-39.37826],[-71.86692,-39.37825],[-71.86748,-39.37836],[-71.86782,-39.37869],[-71.8684,-39.38067],[-71.86913,-39.38183],[-71.86985,-39.38211],[-71.87118,-39.38226],[-71.87174,-39.38253],[-71.87217,-39.38299],[-71.87269,-39.3838],[-71.87275,-39.38492],[-71.8726,-39.38554],[-71.87155,-39.38738],[-71.87065,-39.38857],[-71.86864,-39.39057],[-71.86732,-39.39216],[-71.86688,-39.39318],[-71.86608,-39.39392],[-71.86554,-39.39373]],[[-71.87566,-39.41414],[-71.87478,-39.41384],[-71.87467,-39.41345],[-71.87496,-39.41172],[-71.87477,-39.41118],[-71.87248,-39.40889],[-71.87198,-39.40739],[-71.87171,-39.40473],[-71.86981,-39.4016],[-71.86976,-39.40088],[-71.87028,-39.39935],[-71.87083,-39.39861],[-71.87192,-39.3961],[-71.87234,-39.39555],[-71.87283,-39.3953],[-71.87338,-39.39548],[-71.87381,-39.39582],[-71.87452,-39.39692],[-71.87462,-39.39953],[-71.87546,-39.4043],[-71.87657,-39.40891],[-71.87757,-39.41077],[-71.87764,-39.41191],[-71.87724,-39.41278],[-71.87637,-39.41428],[-71.87566,-39.41414]],[[-71.97457,-39.38472],[-71.97509,-39.3837],[-71.97566,-39.38184],[-71.9767,-39.38029],[-71.98023,-39.37654],[-71.98235,-39.37495],[-71.98506,-39.37342],[-71.99165,-39.37028],[-71.99951,-39.36526],[-72.00127,-39.36464],[-72.00297,-39.36454],[-72.00396,-39.36507],[-72.00417,-39.36535],[-72.00435,-39.36616],[-72.00347,-39.36943],[-72.00336,-39.37153],[-71.9988,-39.37816],[-71.99703,-39.38001],[-71.99335,-39.38266],[-71.98916,-39.38497],[-71.98631,-39.38571],[-71.98398,-39.38573],[-71.979,-39.38511],[-71.97768,-39.38513],[-71.97642,-39.38539],[-71.97531,-39.38592],[-71.97392,-39.38625],[-71.9737,-39.38613],[-71.97403,-39.38538],[-71.97457,-39.38472]],[[-72.01971,-39.36693],[-72.02,-39.366743],[-72.02,-39.373308],[-72.01645,-39.3763],[-72.01463,-39.3764],[-72.0134,-39.37604],[-72.01308,-39.37535],[-72.01343,-39.37429],[-72.01476,-39.37216],[-72.01704,-39.36932],[-72.01859,-39.36777],[-72.01971,-39.36693]],[[-71.98367,-39.30828],[-71.98317,-39.30802],[-71.98255,-39.30707],[-71.98223,-39.30576],[-71.98228,-39.30413],[-71.98252,-39.30331],[-71.98295,-39.30262],[-71.98316,-39.30244],[-71.98447,-39.30216],[-71.98489,-39.30223],[-71.98619,-39.30298],[-71.98675,-39.30393],[-71.9868,-39.3046],[-71.9864,-39.30581],[-71.98483,-39.30782],[-71.98416,-39.30832],[-71.98367,-39.30828]],[[-72.00546,-39.45547],[-72.00668,-39.45518],[-72.01002,-39.45328],[-72.01089,-39.45315],[-72.01521,-39.45418],[-72.01714,-39.45528],[-72.01818,-39.45618],[-72.01956,-39.4579],[-72.02,-39.458091],[-72.02,-39.46],[-71.997646,-39.46],[-71.99761,-39.45979],[-71.99657,-39.45858],[-71.99545,-39.45803],[-71.99481,-39.45687],[-71.99452,-39.45582],[-71.99222,-39.45259],[-71.99223,-39.45085],[-71.99252,-39.45015],[-71.9932,-39.44976],[-71.99458,-39.44967],[-71.99605,-39.4499],[-71.99908,-39.44974],[-72.00102,-39.45049],[-72.00177,-39.45134],[-72.00283,-39.45376],[-72.00374,-39.45459],[-72.00499,-39.45542],[-72.00546,-39.45547]],[[-71.973829,-39.46],[-71.9739,-39.45999],[-71.973929,-39.46],[-71.973829,-39.46]]]},"properties":{"peligro":"Alto"}},{"type":"Feature","geometry":{"type":"Polygon","coordinates":[[[-71.86685,-39.27731],[-71.86701,-39.27747],[-71.8671,-39.2781],[-71.867,-39.27873],[-71.86646,-39.27945],[-71.86755,-39.27908],[-71.868,-39.27812],[-71.86974,-39.27668],[-71.87099,-39.27488],[-71.87337,-39.27283],[-71.87654,-39.27135],[-71.87973,-39.27053],[-71.88253,-39.26943],[-71.88336,-39.26888],[-71.88173,-39.2685],[-71.8795,-39.26829],[-71.8756,-39.26878],[-71.87359,-39.26863],[-71.87128,-39.26819],[-71.87014,-39.26812],[-71.86909,-39.26828],[-71.86844,-39.26863],[-71.86734,-39.2704],[-71.8647,-39.27191],[-71.86414,-39.27244],[-71.86414,-39.2732],[-71.86472,-39.27387],[-71.86624,-39.27507],[-71.86667,-39.27567],[-71.86685,-39.27731]]]},"properties":{"peligro":"Alto"}},{"type":"Feature","geometry":{"type":"Polygon","coordinates":[[[-71.90083,-39.27369],[-71.90317,-39.27334],[-71.90407,-39.27265],[-71.90083,-39.27369]]]},"properties":{"peligro":"Alto"}},{"type":"Feature","geometry":{"type":"Polygon","coordinates":[[[-71.75214,-39.35537],[-71.75214,-39.35879],[-71.75673,-39.3584],[-71.75767,-39.35801],[-71.76036,-39.35611],[-71.76144,-39.35571],[-71.76435,-39.35501],[-71.76605,-39.35499],[-71.76789,-39.35528],[-71.77184,-39.35637],[-71.77597,-39.35848],[-71.77644,-39.35912],[-71.7766,-39.35998],[-71.77603,-39.36434],[-71.77758,-39.36912],[-71.77851,-39.37102],[-71.77938,-39.37227],[-71.78256,-39.37471],[-71.78313,-39.37579],[-71.78239,-39.37899],[-71.78204,-39.38164],[-71.78203,-39.38501],[-71.78168,-39.38566],[-71.77826,-39.38795],[-71.7771,-39.38899],[-71.77615,-39.39012],[-71.77531,-39.39189],[-71.77438,-39.39556],[-71.77367,-39.39635],[-71.76979,-39.39957],[-71.76908,-39.40047],[-71.76841,-39.40182],[-71.76809,-39.40287],[-71.76806,-39.40434],[-71.76808,-39.40495],[-71.76858,-39.40653],[-71.76869,-39.40892],[-71.76888,-39.40738],[-71.76971,-39.40562],[-71.77084,-39.40413],[-71.771,-39.40279],[-71.77134,-39.40218],[-71.7757,-39.3974],[-71.77649,-39.39563],[-71.77804,-39.3934],[-71.77912,-39.39274],[-71.78247,-39.39158],[-71.78335,-39.39112],[-71.78394,-39.3904],[-71.785,-39.38831],[-71.78581,-39.38594],[-71.78594,-39.38413],[-71.78551,-39.38163],[-71.78515,-39.38068],[-71.78515,-39.37865],[-71.78638,-39.3755],[-71.78625,-39.37443],[-71.78572,-39.37349],[-71.78284,-39.37209],[-71.78199,-39.37132],[-71.77994,-39.36917],[-71.77806,-39.36623],[-71.77785,-39.36398],[-71.77869,-39.36136],[-71.77877,-39.36018],[-71.77605,-39.35459],[-71.77449,-39.35249],[-71.77289,-39.35142],[-71.77238,-39.35083],[-71.77207,-39.35026],[-71.77205,-39.34969],[-71.77233,-39.34867],[-71.77218,-39.34797],[-71.77134,-39.34729],[-71.7678,-39.34671],[-71.7646,-39.34561],[-71.76219,-39.34573],[-71.7575,-39.34711],[-71.7555,-39.34827],[-71.75503,-39.34898],[-71.75431,-39.35142],[-71.75333,-39.3536],[-71.75214,-39.35537]]]},"properties":{"peligro":"Alto"}},{"type":"Feature","geometry":{"type":"Polygon","coordinates":[[[-71.84298,-39.2542],[-71.84284,-39.2556],[-71.84304,-39.25732],[-71.84387,-39.25883],[-71.84544,-39.26274],[-71.84633,-39.2635],[-71.84729,-39.26384],[-71.84869,-39.26352],[-71.84928,-39.2629],[-71.84954,-39.26204],[-71.84957,-39.26113],[-71.84889,-39.25782],[-71.84774,-39.25511],[-71.84717,-39.2542],[-71.84298,-39.2542]]]},"properties":{"peligro":"Bajo"}},{"type":"Feature","geometry":{"type":"Polygon","coordinates":[[[-71.85152,-39.26579],[-71.85254,-39.26591],[-71.8537,-39.26581],[-71.85426,-39.26544],[-71.85416,-39.26483],[-71.8531,-39.26283],[-71.85259,-39.2623],[-71.8518,-39.26228],[-71.85133,-39.26344],[-71.85112,-39.26536],[-71.85152,-39.26579]]]},"properties":{"peligro":"Bajo"}},{"type":"Feature","geometry":{"type":"Polygon","coordinates":[[[-71.98033,-39.27212],[-71.98052,-39.2731],[-71.98602,-39.27509],[-71.98583,-39.27566],[-71.98633,-39.27626],[-71.98805,-39.27723],[-71.98873,-39.27715],[-71.99175,-39.2758],[-71.99352,-39.27477],[-71.99438,-39.2739],[-71.99598,-39.2732],[-71.99618,-39.27246],[-71.99685,-39.27202],[-71.99778,-39.27189],[-71.99965,-39.27226],[-72.00026,-39.27223],[-72.00058,-39.27182],[-72.00067,-39.27108],[-72.001,-39.27066],[-72.00176,-39.27023],[-72.00374,-39.26961],[-72.00397,-39.26938],[-72.00426,-39.26792],[-72.00457,-39.26761],[-72.00559,-39.26719],[-72.00594,-39.26693],[-72.00596,-39.26671],[-72.00562,-39.26611],[-72.00472,-39.2658],[-72.00215,-39.26563],[-72.00047,-39.26597],[-71.99929,-39.26651],[-71.99774,-39.26677],[-71.99594,-39.26735],[-71.99381,-39.26859],[-71.99029,-39.2699],[-71.9875,-39.27052],[-71.98595,-39.27054],[-71.9852,-39.27095],[-71.98033,-39.27212]]]},"properties":{"peligro":"Bajo"}},{"type":"Feature","geometry":{"type":"Polygon","coordinates":[[[-71.85992,-39.27804],[-71.86118,-39.27786],[-71.8652,-39.27984],[-71.86585,-39.27974],[-71.86663,-39.27933],[-71.867,-39.27873],[-71.86701,-39.27747],[-71.86662,-39.27706],[-71.86331,-39.27476],[-71.86154,-39.27385],[-71.85915,-39.27314],[-71.85828,-39.27248],[-71.8581,-39.27155],[-71.85815,-39.2704],[-71.85769,-39.27007],[-71.85517,-39.26909],[-71.85412,-39.26892],[-71.85347,-39.26893],[-71.85238,-39.26927],[-71.85213,-39.26961],[-71.85214,-39.27039],[-71.85329,-39.27205],[-71.85405,-39.27287],[-71.85505,-39.27354],[-71.85794,-39.27495],[-71.85895,-39.27563],[-71.85992,-39.27804]]]},"properties":{"peligro":"Bajo"}},{"type":"Feature","geometry":{"type":"Polygon","coordinates":[[[-72.00914,-39.31524],[-72.00748,-39.31961],[-72.00558,-39.32378],[-72.00529,-39.32488],[-72.00531,-39.32956],[-72.005,-39.33157],[-72.00359,-39.33442],[-72.00318,-39.33606],[-72.00326,-39.33673],[-72.00353,-39.33733],[-72.00416,-39.338],[-72.00641,-39.33919],[-72.00949,-39.33913],[-72.01099,-39.33984],[-72.01238,-39.33949],[-72.01406,-39.33959],[-72.0157,-39.34],[-72.01558,-39.33963],[-72.01749,-39.3371],[-72.01736,-39.336],[-72.01627,-39.33293],[-72.01633,-39.33245],[-72.0169,-39.33171],[-72.01743,-39.33147],[-72.02,-39.331044],[-72.02,-39.298386],[-72.01846,-39.29777],[-72.01699,-39.2969],[-72.0159,-39.29828],[-72.01525,-39.29961],[-72.01431,-39.30269],[-72.01414,-39.30438],[-72.01464,-39.30762],[-72.01463,-39.30836],[-72.0143,-39.30923],[-72.01146,-39.31296],[-72.0103,-39.3143],[-72.00914,-39.31524]]]},"properties":{"peligro":"Bajo"}},{"type":"Feature","geometry":{"type":"Polygon","coordinates":[[[-71.91221,-39.30625],[-71.91428,-39.30763],[-71.91484,-39.3087],[-71.91515,-39.3106],[-71.91643,-39.31348],[-71.91792,-39.31531],[-71.92122,-39.31826],[-71.92412,-39.31988],[-71.92644,-39.32213],[-71.92727,-39.32247],[-71.93009,-39.32414],[-71.93166,-39.32487],[-71.93442,-39.32549],[-71.93691,-39.32667],[-71.93891,-39.32829],[-71.94029,-39.32996],[-71.94082,-39.33115],[-71.94114,-39.3348],[-71.94154,-39.33556],[-71.94299,-39.3374],[-71.94354,-39.3385],[-71.9442,-39.34082],[-71.94426,-39.34183],[-71.94419,-39.34224],[-71.94359,-39.34322],[-71.94225,-39.34468],[-71.94181,-39.34576],[-71.94173,-39.34719],[-71.94287,-39.34988],[-71.94316,-39.35118],[-71.94325,-39.35321],[-71.94314,-39.35509],[-71.94261,-39.35712],[-71.94125,-39.36067],[-71.94072,-39.36335],[-71.94126,-39.36627],[-71.94107,-39.36671],[-71.94051,-39.36727],[-71.9396,-39.3675],[-71.93881,-39.36792],[-71.94014,-39.36809],[-71.94134,-39.36804],[-71.94293,-39.36787],[-71.94396,-39.3675],[-71.94625,-39.36581],[-71.94786,-39.364],[-71.9485,-39.36306],[-71.95247,-39.35569],[-71.95534,-39.35141],[-71.95805,-39.34785],[-71.96234,-39.34366],[-71.96475,-39.3406],[-71.96534,-39.33966],[-71.96801,-39.33413],[-71.96826,-39.33271],[-71.96827,-39.33106],[-71.96808,-39.32973],[-71.96678,-39.32733],[-71.96415,-39.32521],[-71.96368,-39.32468],[-71.96303,-39.32362],[-71.96294,-39.323],[-71.96319,-39.32156],[-71.96438,-39.31939],[-71.96479,-39.31799],[-71.96536,-39.31463],[-71.96531,-39.31415],[-71.96434,-39.31283],[-71.96248,-39.31121],[-71.95939,-39.30777],[-71.95726,-39.30486],[-71.95565,-39.30365],[-71.95398,-39.303],[-71.95058,-39.30208],[-71.94513,-39.30123],[-71.94293,-39.30072],[-71.93772,-39.30074],[-71.93473,-39.30052],[-71.93365,-39.30061],[-71.92714,-39.30208],[-71.9214,-39.30244],[-71.91954,-39.30306],[-71.91595,-39.30526],[-71.91221,-39.30625]]]},"properties":{"peligro":"Bajo"}},{"type":"Feature","geometry":{"type":"Polygon","coordinates":[[[-71.7716,-39.31187],[-71.76859,-39.31174],[-71.76806,-39.31213],[-71.76781,-39.31302],[-71.76787,-39.31347],[-71.76867,-39.31418],[-71.77055,-39.31499],[-71.77276,-39.31427],[-71.77467,-39.31303],[-71.7747,-39.31255],[-71.77416,-39.31207],[-71.77328,-39.3117],[-71.77264,-39.31161],[-71.7716,-39.31187]]]},"properties":{"peligro":"Bajo"}},{"type":"Feature","geometry":{"type":"Polygon","coordinates":[[[-71.76312,-39.32084],[-71.76551,-39.3228],[-71.76604,-39.3226],[-71.76888,-39.3191],[-71.76917,-39.31792],[-71.76889,-39.31705],[-71.76813,-39.31646],[-71.76679,-39.31596],[-71.76523,-39.31584],[-71.76384,-39.31722],[-71.76317,-39.31869],[-71.76304,-39.31949],[-71.76312,-39.32084]]]},"properties":{"peligro":"Bajo"}},{"type":"Feature","geometry":{"type":"Polygon","coordinates":[[[-71.95231,-39.38487],[-71.95294,-39.38502],[-71.9535,-39.38494],[-71.95502,-39.38385],[-71.95831,-39.38019],[-71.96127,-39.37745],[-71.96459,-39.37332],[-71.96558,-39.37185],[-71.96609,-39.37057],[-71.96664,-39.36663],[-71.96778,-39.36269],[-71.96834,-39.36134],[-71.97021,-39.35878],[-71.97193,-39.35692],[-71.9771,-39.35309],[-71.97999,-39.35137],[-71.98176,-39.35004],[-71.98396,-39.34771],[-71.98589,-39.34612],[-71.98895,-39.34399],[-71.98948,-39.34323],[-71.9896,-39.34265],[-71.98942,-39.34141],[-71.9877,-39.33793],[-71.98739,-39.33695],[-71.98728,-39.33566],[-71.98741,-39.33494],[-71.98832,-39.33277],[-71.98929,-39.33091],[-71.99252,-39.32734],[-71.99617,-39.32433],[-71.99924,-39.32122],[-72.00163,-39.31929],[-71.99965,-39.31948],[-71.99787,-39.31992],[-71.99665,-39.32049],[-71.99541,-39.3213],[-71.98584,-39.32881],[-71.9817,-39.33296],[-71.98098,-39.33458],[-71.98052,-39.33638],[-71.98019,-39.33861],[-71.97946,-39.34061],[-71.97548,-39.348],[-71.97446,-39.34941],[-71.97192,-39.35201],[-71.96543,-39.36201],[-71.96383,-39.36638],[-71.96221,-39.36963],[-71.96,-39.37269],[-71.95774,-39.37507],[-71.95456,-39.37886],[-71.9522,-39.38322],[-71.95213,-39.38454],[-71.95231,-39.38487]]]},"properties":{"peligro":"Bajo"}},{"type":"Feature","geometry":{"type":"Polygon","coordinates":[[[-71.8083,-39.34687],[-71.80625,-39.34666],[-71.80449,-39.34614],[-71.80348,-39.34611],[-71.80292,-39.34623],[-71.80244,-39.34687],[-71.80235,-39.34725],[-71.80249,-39.34774],[-71.80292,-39.34847],[-71.80348,-39.349],[-71.80775,-39.35089],[-71.80839,-39.35162],[-71.80903,-39.35268],[-71.81039,-39.35589],[-71.81099,-39.35609],[-71.81123,-39.35603],[-71.81148,-39.35574],[-71.81158,-39.35527],[-71.8115,-39.35379],[-71.81173,-39.35285],[-71.81244,-39.35148],[-71.81375,-39.34953],[-71.81402,-39.34849],[-71.81397,-39.34795],[-71.81318,-39.34717],[-71.81133,-39.34624],[-71.81005,-39.34503],[-71.80945,-39.34488],[-71.80894,-39.34499],[-71.80876,-39.34642],[-71.8083,-39.34687]]]},"properties":{"peligro":"Bajo"}},{"type":"Feature","geometry":{"type":"Polygon","coordinates":[[[-72.02,-39.366743],[-72.01971,-39.36693],[-72.01859,-39.36777],[-72.01704,-39.36932],[-72.01476,-39.37216],[-72.01343,-39.37429],[-72.01308,-39.37535],[-72.0134,-39.37604],[-72.01463,-39.3764],[-72.01645,-39.3763],[-72.02,-39.373308],[-72.02,-39.366743]]]},"properties":{"peligro":"Bajo"}},{"type":"Feature","geometry":{"type":"Polygon","coordinates":[[[-71.8695,-39.43869],[-71.87124,-39.43791],[-71.87307,-39.43666],[-71.87393,-39.43556],[-71.87447,-39.43436],[-71.8747,-39.43078],[-71.87524,-39.42859],[-71.87531,-39.42766],[-71.87555,-39.42686],[-71.8767,-39.4252],[-71.87691,-39.4237],[-71.87605,-39.42012],[-71.87545,-39.41941],[-71.87513,-39.41874],[-71.87393,-39.41831],[-71.86588,-39.41669],[-71.86338,-39.41643],[-71.85904,-39.41641],[-71.85841,-39.41681],[-71.85825,-39.4172],[-71.85822,-39.41855],[-71.85771,-39.41971],[-71.85729,-39.42021],[-71.85615,-39.42109],[-71.85492,-39.42172],[-71.854,-39.42187],[-71.84991,-39.42195],[-71.84704,-39.4215],[-71.84497,-39.42098],[-71.84288,-39.42016],[-71.84044,-39.41842],[-71.83963,-39.4181],[-71.83815,-39.41787],[-71.8366,-39.41817],[-71.8334,-39.41957],[-71.83193,-39.41943],[-71.83042,-39.41875],[-71.82768,-39.41577],[-71.82598,-39.41446],[-71.82377,-39.41335],[-71.8228,-39.41314],[-71.82196,-39.41331],[-71.81818,-39.4149],[-71.8153,-39.41585],[-71.81276,-39.41575],[-71.80798,-39.41465],[-71.80753,-39.41485],[-71.80783,-39.4152],[-71.81058,-39.41617],[-71.8152,-39.41841],[-71.82094,-39.41904],[-71.82273,-39.41952],[-71.82803,-39.42189],[-71.83048,-39.42229],[-71.83499,-39.42214],[-71.83685,-39.42261],[-71.83819,-39.42322],[-71.84021,-39.42465],[-71.84128,-39.426],[-71.84182,-39.42706],[-71.84169,-39.42969],[-71.84135,-39.43082],[-71.84091,-39.43172],[-71.83951,-39.43364],[-71.83791,-39.43524],[-71.83723,-39.43579],[-71.83469,-39.4372],[-71.83132,-39.43827],[-71.82796,-39.43903],[-71.82724,-39.43935],[-71.82679,-39.43988],[-71.82659,-39.44067],[-71.82655,-39.44366],[-71.82583,-39.44661],[-71.82626,-39.44825],[-71.82625,-39.44874],[-71.82606,-39.44928],[-71.82545,-39.44998],[-71.82194,-39.45229],[-71.8195,-39.45334],[-71.81694,-39.4537],[-71.81318,-39.45344],[-71.81184,-39.45387],[-71.81139,-39.45473],[-71.81207,-39.45509],[-71.81268,-39.45563],[-71.81298,-39.45737],[-71.81315,-39.45782],[-71.8136,-39.45833],[-71.81448,-39.45844],[-71.81512,-39.45831],[-71.81627,-39.45698],[-71.81722,-39.45631],[-71.81988,-39.45507],[-71.8221,-39.45458],[-71.8233,-39.45465],[-71.8244,-39.45499],[-71.82527,-39.45548],[-71.82784,-39.45743],[-71.82957,-39.45832],[-71.83059,-39.4592],[-71.832819,-39.46],[-71.835809,-39.46],[-71.83656,-39.45984],[-71.83889,-39.45973],[-71.8413,-39.4589],[-71.84214,-39.45814],[-71.84508,-39.45461],[-71.8483,-39.45238],[-71.85074,-39.45136],[-71.85292,-39.44984],[-71.85432,-39.44778],[-71.85707,-39.44477],[-71.85889,-39.44373],[-71.86207,-39.44134],[-71.8695,-39.43869]]]},"properties":{"peligro":"Bajo"}},{"type":"Feature","geometry":{"type":"Polygon","coordinates":[[[-71.87062,-39.44277],[-71.86656,-39.44352],[-71.86176,-39.4441],[-71.86069,-39.44464],[-71.85901,-39.44606],[-71.85846,-39.44679],[-71.85811,-39.44776],[-71.8582,-39.45158],[-71.85844,-39.45377],[-71.85775,-39.45667],[-71.85708,-39.45795],[-71.85682,-39.45925],[-71.856944,-39.46],[-71.886887,-39.46],[-71.88786,-39.45461],[-71.88721,-39.45207],[-71.8868,-39.45169],[-71.88566,-39.45114],[-71.8842,-39.45102],[-71.88174,-39.44992],[-71.8765,-39.44435],[-71.87499,-39.44306],[-71.87368,-39.44266],[-71.87198,-39.44259],[-71.87062,-39.44277]]]},"properties":{"peligro":"Bajo"}},{"type":"Feature","geometry":{"type":"Polygon","coordinates":[[[-71.89308,-39.45567],[-71.89323,-39.45671],[-71.89288,-39.4583],[-71.89228,-39.46],[-71.905579,-39.46],[-71.90597,-39.45955],[-71.90651,-39.45788],[-71.90643,-39.45499],[-71.9067,-39.45232],[-71.90599,-39.45176],[-71.90515,-39.45158],[-71.90249,-39.4515],[-71.89865,-39.45176],[-71.89649,-39.45143],[-71.8936,-39.45057],[-71.89282,-39.45062],[-71.89159,-39.45151],[-71.89141,-39.45279],[-71.89159,-39.4533],[-71.89308,-39.45567]]]},"properties":{"peligro":"Bajo"}},{"type":"Feature","geometry":{"type":"Polygon","coordinates":[[[-71.633503,-39.05],[-71.63366,-39.05051],[-71.633784,-39.05],[-71.633503,-39.05]]]},"properties":{"peligro":"Medio"}},{"type":"Feature","geometry":{"type":"Polygon","coordinates":[[[-71.569505,-39.05],[-71.56963,-39.05023],[-71.57244,-39.05297],[-71.57353,-39.05371],[-71.57572,-39.05471],[-71.57396,-39.0528],[-71.57309,-39.0515],[-71.572656,-39.05],[-71.569505,-39.05]]]},"properties":{"peligro":"Medio"}},{"type":"Feature","geometry":{"type":"Polygon","coordinates":[[[-71.60795,-39.06404],[-71.60656,-39.06339],[-71.6053,-39.06244],[-71.60276,-39.06044],[-71.60185,-39.05942],[-71.59933,-39.05583],[-71.59933,-39.05505],[-71.59959,-39.05422],[-71.60028,-39.05304],[-71.60174,-39.05267],[-71.60281,-39.05261],[-71.60704,-39.05329],[-71.61176,-39.05384],[-71.60883,-39.05228],[-71.60609,-39.05118],[-71.60526,-39.05054],[-71.604784,-39.05],[-71.580489,-39.05],[-71.58071,-39.05042],[-71.58246,-39.05207],[-71.58363,-39.05344],[-71.58461,-39.05422],[-71.58882,-39.05683],[-71.58957,-39.05743],[-71.59205,-39.05999],[-71.5942,-39.06142],[-71.59655,-39.06209],[-71.60143,-39.06272],[-71.60466,-39.06364],[-71.60795,-39.06404]]]},"properties":{"peligro":"Medio"}},{"type":"Feature","geometry":{"type":"Polygon","coordinates":[[[-71.68921,-39.38672],[-71.6885,-39.38731],[-71.68652,-39.39034],[-71.68366,-39.39359],[-71.67979,-39.39854],[-71.67848,-39.40051],[-71.67775,-39.40202],[-71.67725,-39.40371],[-71.67432,-39.40963],[-71.67359,-39.41092],[-71.67265,-39.41199],[-71.67125,-39.41402],[-71.67099,-39.41466],[-71.67078,-39.41568],[-71.67006,-39.41729],[-71.66954,-39.41962],[-71.6699,-39.42168],[-71.67129,-39.42378],[-71.67512,-39.42842],[-71.67621,-39.43011],[-71.67833,-39.43423],[-71.67938,-39.43586],[-71.68383,-39.44071],[-71.68793,-39.44405],[-71.68854,-39.44493],[-71.68906,-39.44574],[-71.68967,-39.44728],[-71.68996,-39.44931],[-71.69048,-39.45019],[-71.69081,-39.45117],[-71.69094,-39.45243],[-71.69133,-39.45395],[-71.69179,-39.45531],[-71.69253,-39.45659],[-71.69512,-39.45872],[-71.697405,-39.46],[-71.725982,-39.46],[-71.72708,-39.45846],[-71.72831,-39.4563],[-71.72946,-39.45328],[-71.72986,-39.45086],[-71.72972,-39.44721],[-71.72979,-39.44593],[-71.73004,-39.44501],[-71.73259,-39.44202],[-71.73659,-39.43627],[-71.73481,-39.43695],[-71.73124,-39.43904],[-71.72687,-39.44241],[-71.72455,-39.44386],[-71.72153,-39.44546],[-71.7202,-39.44594],[-71.7184,-39.44611],[-71.715,-39.44495],[-71.71345,-39.44416],[-71.71162,-39.44248],[-71.70992,-39.43982],[-71.70881,-39.4387],[-71.70528,-39.4365],[-71.70169,-39.43471],[-71.69522,-39.42958],[-71.6925,-39.42596],[-71.69152,-39.42398],[-71.69112,-39.42198],[-71.69106,-39.42043],[-71.69137,-39.41902],[-71.69186,-39.41777],[-71.69327,-39.41602],[-71.69415,-39.41445],[-71.69473,-39.41265],[-71.69546,-39.4092],[-71.69542,-39.40812],[-71.69425,-39.40434],[-71.6935,-39.40299],[-71.69216,-39.40124],[-71.69185,-39.40055],[-71.69184,-39.39925],[-71.69333,-39.3954],[-71.6938,-39.39466],[-71.69435,-39.3941],[-71.69773,-39.38942],[-71.69973,-39.38705],[-71.70241,-39.38441],[-71.70384,-39.38266],[-71.70226,-39.38321],[-71.7015,-39.38269],[-71.69901,-39.3829],[-71.69599,-39.38402],[-71.6939,-39.38515],[-71.69299,-39.38492],[-71.69209,-39.38497],[-71.6912,-39.38525],[-71.68921,-39.38672]]]},"properties":{"peligro":"Bajo"}},{"type":"Feature","geometry":{"type":"Polygon","coordinates":[[[-71.680318,-39.46],[-71.68013,-39.45934],[-71.67899,-39.45674],[-71.67773,-39.4552],[-71.67608,-39.45202],[-71.67483,-39.44781],[-71.6723,-39.44321],[-71.67146,-39.44119],[-71.66756,-39.43488],[-71.66618,-39.43326],[-71.66432,-39.43174],[-71.66366,-39.43171],[-71.66307,-39.43189],[-71.66238,-39.43233],[-71.66153,-39.43316],[-71.65948,-39.43659],[-71.65875,-39.43886],[-71.654,-39.44909],[-71.65353,-39.45114],[-71.65362,-39.45202],[-71.65402,-39.45257],[-71.6565,-39.45442],[-71.65828,-39.45671],[-71.662271,-39.46],[-71.680318,-39.46]]]},"properties":{"peligro":"Bajo"}},{"type":"Feature","geometry":{"type":"Polygon","coordinates":[[[-71.782741,-39.46],[-71.78273,-39.45891],[-71.78198,-39.45787],[-71.78156,-39.45699],[-71.78141,-39.45589],[-71.78137,-39.45487],[-71.78155,-39.45398],[-71.78225,-39.45235],[-71.77823,-39.45287],[-71.77564,-39.45247],[-71.77261,-39.45169],[-71.76989,-39.45057],[-71.76864,-39.44958],[-71.76726,-39.44784],[-71.76606,-39.44786],[-71.7643,-39.44888],[-71.76014,-39.45008],[-71.75767,-39.45116],[-71.75523,-39.45164],[-71.75395,-39.4512],[-71.75267,-39.45051],[-71.75103,-39.4492],[-71.74989,-39.44787],[-71.74733,-39.44551],[-71.74991,-39.45126],[-71.75252,-39.45793],[-71.753216,-39.46],[-71.782741,-39.46]]]},"properties":{"peligro":"Bajo"}},{"type":"Feature","geometry":{"type":"Polygon","coordinates":[[[-71.9305,-39.25419],[-71.94588,-39.25418],[-71.94555,-39.25328],[-71.94576,-39.25233],[-71.94654,-39.25147],[-71.94758,-39.25104],[-71.94752,-39.25031],[-71.9479,-39.24929],[-71.94898,-39.24759],[-71.95104,-39.2452],[-71.9521,-39.24446],[-71.95476,-39.24311],[-71.9612,-39.24021],[-71.96101,-39.23969],[-71.96097,-39.23877],[-71.96054,-39.23834],[-71.96059,-39.23778],[-71.96222,-39.23662],[-71.9639,-39.23657],[-71.96464,-39.23619],[-71.96356,-39.23504],[-71.96136,-39.23451],[-71.95938,-39.23486],[-71.95363,-39.23773],[-71.95151,-39.23911],[-71.94877,-39.24168],[-71.94714,-39.24357],[-71.94385,-39.24638],[-71.94096,-39.24816],[-71.937,-39.25024],[-71.9305,-39.25419]]]},"properties":{"peligro":"Medio"}},{"type":"Feature","geometry":{"type":"Polygon","coordinates":[[[-71.97302,-39.26398],[-71.97338,-39.26399],[-71.97268,-39.26188],[-71.97123,-39.25972],[-71.9713,-39.26027],[-71.97257,-39.26208],[-71.97253,-39.26243],[-71.97302,-39.26398]]]},"properties":{"peligro":"Medio"}},{"type":"Feature","geometry":{"type":"Polygon","coordinates":[[[-71.89318,-39.26715],[-71.89365,-39.2689],[-71.89367,-39.26995],[-71.89445,-39.27024],[-71.8957,-39.27032],[-71.89509,-39.26831],[-71.89409,-39.26701],[-71.89318,-39.26715]]]},"properties":{"peligro":"Medio"}},{"type":"Feature","geometry":{"type":"Polygon","coordinates":[[[-71.899,-39.27396],[-71.89898,-39.27369],[-71.89835,-39.27368],[-71.899,-39.27396]]]},"properties":{"peligro":"Medio"}},{"type":"Feature","geometry":{"type":"Polygon","coordinates":[[[-71.69813,-39.3513],[-71.6982,-39.3533],[-71.69918,-39.3563],[-71.69925,-39.35811],[-71.70046,-39.3598],[-71.70057,-39.36056],[-71.7003,-39.36203],[-71.70063,-39.36475],[-71.70016,-39.36527],[-71.69936,-39.36577],[-71.69855,-39.36598],[-71.69654,-39.36609],[-71.69469,-39.3667],[-71.69018,-39.36884],[-71.6889,-39.36966],[-71.68749,-39.37122],[-71.68578,-39.3725],[-71.68527,-39.37312],[-71.68506,-39.37398],[-71.68491,-39.37665],[-71.68469,-39.37729],[-71.68333,-39.37917],[-71.68091,-39.38165],[-71.6834,-39.38081],[-71.68629,-39.37842],[-71.69017,-39.37443],[-71.69138,-39.37372],[-71.69328,-39.37346],[-71.69497,-39.37391],[-71.69564,-39.37389],[-71.69698,-39.37356],[-71.70324,-39.36943],[-71.70586,-39.36705],[-71.70904,-39.36363],[-71.71002,-39.36212],[-71.71225,-39.3593],[-71.71321,-39.35766],[-71.71405,-39.35707],[-71.7164,-39.3565],[-71.7178,-39.35574],[-71.71843,-39.35496],[-71.71914,-39.35221],[-71.71721,-39.35162],[-71.71244,-39.35098],[-71.71079,-39.351],[-71.70458,-39.35043],[-71.70142,-39.35056],[-71.69813,-39.3513]]]},"properties":{"peligro":"Medio"}},{"type":"Feature","geometry":{"type":"Polygon","coordinates":[[[-71.68921,-39.38672],[-71.6912,-39.38525],[-71.69209,-39.38497],[-71.69299,-39.38492],[-71.6939,-39.38515],[-71.69599,-39.38402],[-71.69901,-39.3829],[-71.7015,-39.38269],[-71.70226,-39.38321],[-71.70267,-39.38314],[-71.70384,-39.38266],[-71.70504,-39.38194],[-71.71064,-39.37739],[-71.71289,-39.37521],[-71.71392,-39.37455],[-71.71594,-39.3738],[-71.7172,-39.37183],[-71.71763,-39.37144],[-71.71901,-39.37103],[-71.71968,-39.37041],[-71.72045,-39.36922],[-71.72204,-39.36784],[-71.72234,-39.36711],[-71.72235,-39.36637],[-71.72198,-39.36521],[-71.72268,-39.36389],[-71.72101,-39.3651],[-71.7199,-39.36605],[-71.71813,-39.36793],[-71.71702,-39.36872],[-71.70937,-39.37211],[-71.70701,-39.37353],[-71.70342,-39.37387],[-71.70209,-39.37457],[-71.70191,-39.37515],[-71.70222,-39.37689],[-71.70217,-39.37762],[-71.70166,-39.37833],[-71.70103,-39.37885],[-71.69778,-39.37956],[-71.69711,-39.38012],[-71.6964,-39.38099],[-71.69555,-39.38235],[-71.69459,-39.38297],[-71.69394,-39.38312],[-71.69308,-39.38304],[-71.69192,-39.38269],[-71.69147,-39.38273],[-71.69107,-39.38299],[-71.69053,-39.3838],[-71.68921,-39.38672]]]},"properties":{"peligro":"Medio"}},{"type":"Feature","geometry":{"type":"Polygon","coordinates":[[[-71.73472,-39.46],[-71.73486,-39.45929],[-71.73479,-39.4564],[-71.7354,-39.4541],[-71.73634,-39.45204],[-71.73753,-39.45087],[-71.73795,-39.45019],[-71.73854,-39.44732],[-71.73856,-39.44592],[-71.73806,-39.44345],[-71.73635,-39.43873],[-71.73659,-39.43627],[-71.73259,-39.44202],[-71.73004,-39.44501],[-71.72979,-39.44593],[-71.72972,-39.44721],[-71.72986,-39.45086],[-71.72946,-39.45328],[-71.72831,-39.4563],[-71.72708,-39.45846],[-71.725982,-39.46],[-71.73472,-39.46]]]},"properties":{"peligro":"Medio"}},{"type":"Feature","geometry":{"type":"Polygon","coordinates":[[[-71.783401,-39.46],[-71.78273,-39.45891],[-71.782741,-39.46],[-71.783401,-39.46]]]},"properties":{"peligro":"Medio"}},{"type":"Feature","geometry":{"type":"Polygon","coordinates":[[[-71.94588,-39.25418],[-71.94756,-39.25418],[-71.94745,-39.25555],[-71.94698,-39.25647],[-71.94596,-39.25751],[-71.94521,-39.25918],[-71.94472,-39.25983],[-71.94354,-39.26017],[-71.94203,-39.26009],[-71.94123,-39.26033],[-71.9399,-39.2614],[-71.93852,-39.26283],[-71.93529,-39.26435],[-71.93283,-39.26604],[-71.92828,-39.26785],[-71.92668,-39.26867],[-71.92351,-39.26944],[-71.92271,-39.27005],[-71.92222,-39.27245],[-71.92177,-39.2731],[-71.92056,-39.27392],[-71.91965,-39.2741],[-71.91806,-39.274],[-71.91647,-39.27305],[-71.91393,-39.27266],[-71.91275,-39.2722],[-71.91212,-39.27223],[-71.90643,-39.27464],[-71.90509,-39.2748],[-71.90107,-39.27586],[-71.90013,-39.27591],[-71.89716,-39.27515],[-71.89664,-39.27486],[-71.89536,-39.27466],[-71.89491,-39.27436],[-71.8944,-39.27345],[-71.89383,-39.27284],[-71.89293,-39.27221],[-71.88934,-39.2712],[-71.88762,-39.27051],[-71.88669,-39.27046],[-71.88573,-39.27069],[-71.88521,-39.27098],[-71.88395,-39.27213],[-71.88287,-39.27256],[-71.88048,-39.27395],[-71.87837,-39.27436],[-71.87657,-39.27447],[-71.87327,-39.27496],[-71.87289,-39.27531],[-71.87311,-39.27623],[-71.86992,-39.27927],[-71.86894,-39.28003],[-71.86801,-39.2804],[-71.86541,-39.28054],[-71.86449,-39.2803],[-71.86302,-39.27964],[-71.86176,-39.27936],[-71.86078,-39.27934],[-71.85754,-39.28032],[-71.85404,-39.28056],[-71.85305,-39.28078],[-71.85252,-39.28106],[-71.8516,-39.2818],[-71.85094,-39.28297],[-71.85095,-39.28374],[-71.85145,-39.28495],[-71.85135,-39.28652],[-71.85112,-39.28747],[-71.85024,-39.28968],[-71.84903,-39.29177],[-71.84886,-39.29255],[-71.84861,-39.29649],[-71.84811,-39.29708],[-71.84643,-39.29818],[-71.84597,-39.29887],[-71.8457,-39.30087],[-71.8474,-39.30382],[-71.8475,-39.30431],[-71.84739,-39.30478],[-71.84629,-39.30599],[-71.84398,-39.30725],[-71.84366,-39.30763],[-71.84347,-39.30808],[-71.84346,-39.30979],[-71.84308,-39.31086],[-71.84262,-39.31148],[-71.84167,-39.31216],[-71.83989,-39.31272],[-71.8389,-39.31335],[-71.83824,-39.3142],[-71.83629,-39.31819],[-71.83501,-39.32014],[-71.83472,-39.32131],[-71.83417,-39.32157],[-71.83317,-39.32248],[-71.83202,-39.32403],[-71.83132,-39.32573],[-71.82999,-39.32718],[-71.82872,-39.32792],[-71.82756,-39.32886],[-71.82504,-39.32988],[-71.82375,-39.33018],[-71.8225,-39.33093],[-71.81898,-39.33139],[-71.8165,-39.33253],[-71.81369,-39.33319],[-71.81274,-39.33324],[-71.81106,-39.33305],[-71.80726,-39.33226],[-71.80538,-39.33212],[-71.80288,-39.33168],[-71.79824,-39.33211],[-71.79608,-39.33188],[-71.79167,-39.33093],[-71.78815,-39.331],[-71.78623,-39.33129],[-71.78462,-39.33132],[-71.78148,-39.33082],[-71.77962,-39.33028],[-71.77641,-39.33062],[-71.77249,-39.33007],[-71.76942,-39.33046],[-71.76682,-39.3301],[-71.76409,-39.32928],[-71.76331,-39.3288],[-71.76311,-39.32826],[-71.763,-39.32593],[-71.76261,-39.32439],[-71.76227,-39.32369],[-71.76122,-39.32273],[-71.76043,-39.32227],[-71.75952,-39.32213],[-71.75878,-39.32258],[-71.75794,-39.32378],[-71.7577,-39.32396],[-71.75736,-39.32395],[-71.75662,-39.32351],[-71.75565,-39.32223],[-71.75448,-39.32155],[-71.75383,-39.32153],[-71.75252,-39.32225],[-71.75214,-39.32232],[-71.75214,-39.31946],[-71.74606,-39.32189],[-71.74401,-39.32297],[-71.74054,-39.32393],[-71.73697,-39.32468],[-71.7357,-39.32619],[-71.73549,-39.32818],[-71.73624,-39.33045],[-71.7369,-39.33134],[-71.73715,-39.33333],[-71.75214,-39.33333],[-71.75214,-39.32339],[-71.75313,-39.32234],[-71.75402,-39.3221],[-71.75463,-39.32221],[-71.75533,-39.32334],[-71.75636,-39.32435],[-71.7569,-39.32462],[-71.75777,-39.32439],[-71.75891,-39.32357],[-71.76001,-39.32301],[-71.76057,-39.32288],[-71.76086,-39.32298],[-71.76159,-39.32373],[-71.76216,-39.32467],[-71.76238,-39.32639],[-71.76216,-39.32829],[-71.76292,-39.32934],[-71.76448,-39.32994],[-71.7691,-39.33104],[-71.77003,-39.33107],[-71.77182,-39.33055],[-71.77283,-39.33045],[-71.77673,-39.33113],[-71.77989,-39.33088],[-71.78431,-39.33184],[-71.78696,-39.33191],[-71.78942,-39.33134],[-71.79179,-39.33137],[-71.79374,-39.33166],[-71.79796,-39.33261],[-71.79894,-39.33261],[-71.80144,-39.33214],[-71.80336,-39.33212],[-71.80588,-39.33248],[-71.80963,-39.33333],[-71.81605,-39.33333],[-71.81778,-39.33274],[-71.81958,-39.33177],[-71.82171,-39.33164],[-71.82449,-39.33078],[-71.82849,-39.32912],[-71.82943,-39.32847],[-71.82992,-39.32782],[-71.83227,-39.32617],[-71.83269,-39.32543],[-71.83329,-39.32334],[-71.83376,-39.32267],[-71.83479,-39.32177],[-71.83567,-39.32073],[-71.83728,-39.31739],[-71.83816,-39.31604],[-71.8388,-39.31544],[-71.83948,-39.31355],[-71.84018,-39.31303],[-71.84234,-39.31247],[-71.84316,-39.31205],[-71.84369,-39.31141],[-71.84421,-39.31018],[-71.84428,-39.30946],[-71.84413,-39.30848],[-71.84418,-39.30801],[-71.84443,-39.30759],[-71.84503,-39.30698],[-71.84704,-39.30623],[-71.84795,-39.30552],[-71.8482,-39.30403],[-71.8465,-39.30132],[-71.84646,-39.2994],[-71.84677,-39.29867],[-71.84733,-39.29803],[-71.84903,-39.29687],[-71.84936,-39.29648],[-71.84952,-39.29577],[-71.84942,-39.29482],[-71.84975,-39.29332],[-71.84972,-39.29158],[-71.84991,-39.29112],[-71.85101,-39.29012],[-71.85194,-39.2882],[-71.85203,-39.28443],[-71.85246,-39.28377],[-71.85449,-39.28293],[-71.85564,-39.28262],[-71.85647,-39.28161],[-71.85675,-39.28149],[-71.85907,-39.28111],[-71.86246,-39.28006],[-71.86337,-39.28019],[-71.86617,-39.28132],[-71.86796,-39.28145],[-71.86889,-39.28136],[-71.86941,-39.2811],[-71.86999,-39.28047],[-71.87107,-39.27971],[-71.8721,-39.27818],[-71.87346,-39.27698],[-71.87494,-39.27648],[-71.87563,-39.27602],[-71.87831,-39.27509],[-71.88049,-39.27474],[-71.8817,-39.27432],[-71.88378,-39.2729],[-71.88568,-39.27125],[-71.8865,-39.27084],[-71.88742,-39.2709],[-71.89071,-39.27196],[-71.89226,-39.27227],[-71.89359,-39.27301],[-71.89447,-39.27428],[-71.89511,-39.27485],[-71.89613,-39.27532],[-71.89996,-39.27638],[-71.9025,-39.27648],[-71.90408,-39.27633],[-71.90722,-39.2753],[-71.90945,-39.27499],[-71.91326,-39.27525],[-71.91475,-39.27568],[-71.91565,-39.27555],[-71.91687,-39.27486],[-71.92001,-39.27521],[-71.92061,-39.275],[-71.92346,-39.27265],[-71.92624,-39.27198],[-71.92693,-39.2714],[-71.92771,-39.27033],[-71.92907,-39.26972],[-71.93165,-39.2682],[-71.93346,-39.26774],[-71.93629,-39.26741],[-71.93848,-39.26645],[-71.94105,-39.26562],[-71.94363,-39.26541],[-71.94555,-39.26502],[-71.94811,-39.26497],[-71.95007,-39.26423],[-71.95054,-39.26393],[-71.95083,-39.26352],[-71.95081,-39.26279],[-71.95046,-39.26133],[-71.95088,-39.25989],[-71.95139,-39.25921],[-71.95336,-39.25875],[-71.95677,-39.25697],[-71.95765,-39.25674],[-71.96079,-39.25679],[-71.96222,-39.25771],[-71.9646,-39.25865],[-71.96602,-39.25992],[-71.96691,-39.25941],[-71.96813,-39.25826],[-71.96921,-39.25772],[-71.97043,-39.25769],[-71.97136,-39.25795],[-71.97188,-39.25821],[-71.97216,-39.25882],[-71.97246,-39.25868],[-71.97258,-39.25877],[-71.97205,-39.25789],[-71.97094,-39.25748],[-71.97115,-39.25731],[-71.97232,-39.25747],[-71.97305,-39.25823],[-71.97388,-39.25862],[-71.97461,-39.25754],[-71.9743,-39.25797],[-71.97399,-39.25802],[-71.97377,-39.25734],[-71.97303,-39.25698],[-71.97349,-39.25663],[-71.97528,-39.25677],[-71.97571,-39.25604],[-71.97566,-39.25555],[-71.97532,-39.2551],[-71.97538,-39.25477],[-71.975,-39.254],[-71.97486,-39.253],[-71.97481,-39.25184],[-71.97501,-39.25052],[-71.97469,-39.25054],[-71.97344,-39.24998],[-71.97334,-39.24962],[-71.97283,-39.24916],[-71.97157,-39.24889],[-71.97093,-39.24838],[-71.96984,-39.24834],[-71.96882,-39.24875],[-71.96747,-39.24731],[-71.96716,-39.24634],[-71.96682,-39.24586],[-71.96683,-39.24519],[-71.96663,-39.24473],[-71.96616,-39.24432],[-71.96552,-39.24333],[-71.96492,-39.24301],[-71.96471,-39.2426],[-71.96508,-39.2423],[-71.96423,-39.24131],[-71.96345,-39.24093],[-71.96193,-39.24081],[-71.9612,-39.24021],[-71.95476,-39.24311],[-71.9521,-39.24446],[-71.95104,-39.2452],[-71.94898,-39.24759],[-71.9479,-39.24929],[-71.94752,-39.25031],[-71.94758,-39.25104],[-71.94654,-39.25147],[-71.94576,-39.25233],[-71.94555,-39.25328],[-71.94588,-39.25418]],[[-71.96847,-39.25472],[-71.96831,-39.25449],[-71.96837,-39.25417],[-71.97205,-39.25416],[-71.97136,-39.2546],[-71.96907,-39.25482],[-71.96847,-39.25472]],[[-71.95669,-39.25606],[-71.95548,-39.2558],[-71.9551,-39.25537],[-71.95511,-39.25489],[-71.95559,-39.25418],[-71.9613,-39.25417],[-71.96127,-39.25433],[-71.95893,-39.25568],[-71.95737,-39.25606],[-71.95669,-39.25606]],[[-71.94329,-39.26219],[-71.94381,-39.26193],[-71.94463,-39.2612],[-71.94648,-39.25749],[-71.94766,-39.25628],[-71.94786,-39.25551],[-71.9478,-39.25418],[-71.95479,-39.25417],[-71.95445,-39.25522],[-71.95372,-39.2564],[-71.95238,-39.25753],[-71.9502,-39.25889],[-71.95002,-39.25922],[-71.94896,-39.26015],[-71.94887,-39.26155],[-71.94835,-39.26213],[-71.94783,-39.26239],[-71.94688,-39.26249],[-71.94597,-39.26224],[-71.94539,-39.2623],[-71.94454,-39.26301],[-71.94361,-39.26425],[-71.94313,-39.26455],[-71.93908,-39.26555],[-71.93465,-39.26549],[-71.93452,-39.26529],[-71.93473,-39.26511],[-71.93865,-39.2632],[-71.94329,-39.26219]],[[-71.9436,-39.26046],[-71.9445,-39.26027],[-71.94378,-39.26134],[-71.9431,-39.26179],[-71.94076,-39.2624],[-71.93981,-39.26246],[-71.93954,-39.26232],[-71.94018,-39.26147],[-71.94135,-39.26058],[-71.9436,-39.26046]],[[-71.94728,-39.26272],[-71.94877,-39.26238],[-71.94881,-39.26261],[-71.94765,-39.26377],[-71.94692,-39.2642],[-71.94585,-39.26448],[-71.9443,-39.26456],[-71.94408,-39.26439],[-71.94471,-39.26333],[-71.94546,-39.26259],[-71.94607,-39.26249],[-71.94728,-39.26272]],[[-71.94843,-39.26402],[-71.94915,-39.26272],[-71.9495,-39.26233],[-71.94983,-39.26236],[-71.9498,-39.26283],[-71.94919,-39.26393],[-71.94873,-39.26424],[-71.94843,-39.26426],[-71.94843,-39.26402]],[[-71.95326,-39.25764],[-71.9538,-39.25703],[-71.95528,-39.25658],[-71.95533,-39.25682],[-71.95512,-39.25702],[-71.95348,-39.25782],[-71.95322,-39.25786],[-71.95326,-39.25764]],[[-71.96595,-39.25485],[-71.96688,-39.25478],[-71.96748,-39.25499],[-71.96799,-39.25529],[-71.96821,-39.25572],[-71.96932,-39.25657],[-71.96923,-39.25704],[-71.96802,-39.2578],[-71.96745,-39.25797],[-71.96624,-39.25781],[-71.96307,-39.25672],[-71.95996,-39.25631],[-71.9601,-39.25609],[-71.96069,-39.25593],[-71.96133,-39.25543],[-71.96249,-39.255],[-71.96363,-39.25523],[-71.96441,-39.25488],[-71.96595,-39.25485]],[[-71.96417,-39.25813],[-71.962,-39.2571],[-71.96219,-39.25692],[-71.96249,-39.25693],[-71.96476,-39.25774],[-71.96499,-39.25788],[-71.96478,-39.25816],[-71.96417,-39.25813]],[[-71.96917,-39.25582],[-71.96906,-39.2556],[-71.96954,-39.2553],[-71.97209,-39.25492],[-71.97354,-39.25439],[-71.97449,-39.25435],[-71.97495,-39.25465],[-71.9751,-39.2556],[-71.97538,-39.25599],[-71.97522,-39.25618],[-71.97428,-39.25628],[-71.97377,-39.256],[-71.97289,-39.25585],[-71.97149,-39.25641],[-71.97025,-39.25652],[-71.96966,-39.25635],[-71.96917,-39.25582]],[[-71.93432,-39.26661],[-71.93496,-39.26653],[-71.93635,-39.26584],[-71.93761,-39.26574],[-71.93785,-39.26587],[-71.9374,-39.2662],[-71.9353,-39.26681],[-71.9333,-39.26705],[-71.93136,-39.26779],[-71.93106,-39.26783],[-71.93091,-39.26759],[-71.93206,-39.26677],[-71.93432,-39.26661]],[[-71.93359,-39.2662],[-71.93438,-39.26582],[-71.93499,-39.26578],[-71.93515,-39.26597],[-71.93439,-39.26634],[-71.93345,-39.26641],[-71.93359,-39.2662]],[[-71.92283,-39.27175],[-71.9232,-39.2711],[-71.92348,-39.26992],[-71.92433,-39.26956],[-71.92772,-39.26876],[-71.92929,-39.26789],[-71.92986,-39.26785],[-71.9295,-39.26834],[-71.92707,-39.26972],[-71.925,-39.27054],[-71.92297,-39.27195],[-71.92283,-39.27175]],[[-71.92429,-39.27168],[-71.92491,-39.2714],[-71.92538,-39.27081],[-71.9268,-39.27037],[-71.92684,-39.27061],[-71.92586,-39.27159],[-71.92438,-39.27189],[-71.92429,-39.27168]],[[-71.90974,-39.27394],[-71.91143,-39.27325],[-71.91295,-39.27298],[-71.91541,-39.27332],[-71.91621,-39.27363],[-71.91628,-39.27385],[-71.91441,-39.27398],[-71.91272,-39.27478],[-71.91152,-39.27491],[-71.90919,-39.27443],[-71.90918,-39.27417],[-71.90974,-39.27394]],[[-71.91446,-39.27535],[-71.91358,-39.2751],[-71.91357,-39.27488],[-71.91383,-39.2747],[-71.91497,-39.27432],[-71.91584,-39.27442],[-71.91603,-39.2746],[-71.91546,-39.27515],[-71.91474,-39.27541],[-71.91446,-39.27535]],[[-71.85904,-39.28049],[-71.85885,-39.28037],[-71.85895,-39.28015],[-71.86073,-39.27977],[-71.86077,-39.28002],[-71.86029,-39.2803],[-71.85967,-39.2805],[-71.85904,-39.28049]],[[-71.85186,-39.28269],[-71.85295,-39.28172],[-71.85385,-39.28129],[-71.85516,-39.28135],[-71.85569,-39.2816],[-71.85571,-39.28183],[-71.8553,-39.28248],[-71.85422,-39.28287],[-71.85238,-39.28292],[-71.85203,-39.28289],[-71.85186,-39.28269]]]},"properties":{"peligro":"Alto"}},{"type":"Feature","geometry":{"type":"Polygon","coordinates":[[[-71.97483,-39.25729],[-71.97503,-39.25706],[-71.97491,-39.25716],[-71.97483,-39.25729]]]},"properties":{"peligro":"Alto"}},{"type":"Feature","geometry":{"type":"Polygon","coordinates":[[[-71.97123,-39.25972],[-71.97135,-39.25973],[-71.9713,-39.25954],[-71.97123,-39.25972]]]},"properties":{"peligro":"Alto"}},{"type":"Feature","geometry":{"type":"Polygon","coordinates":[[[-71.89445,-39.27024],[-71.89513,-39.27079],[-71.89612,-39.27318],[-71.89697,-39.27396],[-71.89789,-39.27418],[-71.899,-39.2741],[-71.899,-39.27396],[-71.8968,-39.27298],[-71.8957,-39.27032],[-71.89445,-39.27024]]]},"properties":{"peligro":"Alto"}},{"type":"Feature","geometry":{"type":"Polygon","coordinates":[[[-71.552307,-39.46],[-71.55232,-39.4593],[-71.55201,-39.45696],[-71.55148,-39.45573],[-71.55123,-39.45448],[-71.55155,-39.45299],[-71.55232,-39.45169],[-71.55398,-39.45149],[-71.55519,-39.45171],[-71.55619,-39.45133],[-71.55803,-39.4511],[-71.55904,-39.45044],[-71.56003,-39.45048],[-71.56105,-39.45028],[-71.56283,-39.45043],[-71.56542,-39.45091],[-71.56738,-39.45165],[-71.56888,-39.45166],[-71.57055,-39.45235],[-71.57207,-39.4526],[-71.57411,-39.4525],[-71.57667,-39.45121],[-71.57721,-39.45179],[-71.57774,-39.45202],[-71.58061,-39.45229],[-71.58203,-39.45226],[-71.58414,-39.45275],[-71.58511,-39.45277],[-71.58648,-39.45233],[-71.58839,-39.4509],[-71.5911,-39.45131],[-71.59136,-39.45184],[-71.59193,-39.45228],[-71.59436,-39.45315],[-71.59578,-39.4532],[-71.59703,-39.45301],[-71.59803,-39.45268],[-71.59851,-39.45233],[-71.60167,-39.45324],[-71.60314,-39.45397],[-71.60364,-39.45442],[-71.60477,-39.45496],[-71.60479,-39.45558],[-71.60521,-39.45655],[-71.60569,-39.45701],[-71.60649,-39.45736],[-71.60706,-39.45892],[-71.607746,-39.46],[-71.610935,-39.46],[-71.61087,-39.45975],[-71.60941,-39.45796],[-71.60933,-39.45721],[-71.60891,-39.45626],[-71.6083,-39.45579],[-71.60768,-39.45558],[-71.60749,-39.45529],[-71.60747,-39.45438],[-71.60672,-39.45355],[-71.60245,-39.45132],[-71.59894,-39.45033],[-71.59732,-39.45031],[-71.5967,-39.45058],[-71.59625,-39.45102],[-71.59499,-39.45119],[-71.59456,-39.45101],[-71.59467,-39.45035],[-71.59446,-39.44991],[-71.59378,-39.44945],[-71.59329,-39.44932],[-71.59112,-39.44926],[-71.58915,-39.44894],[-71.58775,-39.449],[-71.58676,-39.44936],[-71.58475,-39.45071],[-71.58423,-39.45076],[-71.58222,-39.45031],[-71.57918,-39.45011],[-71.579,-39.45005],[-71.57828,-39.44906],[-71.57729,-39.44876],[-71.57607,-39.44903],[-71.57389,-39.45022],[-71.57292,-39.45055],[-71.57201,-39.45042],[-71.56957,-39.44961],[-71.56796,-39.44963],[-71.56706,-39.44908],[-71.56636,-39.44885],[-71.56189,-39.44829],[-71.55837,-39.44849],[-71.55737,-39.44896],[-71.55633,-39.44863],[-71.55495,-39.44756],[-71.55347,-39.4451],[-71.55329,-39.44348],[-71.55343,-39.44256],[-71.55418,-39.44116],[-71.55416,-39.43965],[-71.55557,-39.43335],[-71.55555,-39.43182],[-71.55506,-39.43071],[-71.55434,-39.42967],[-71.5537,-39.42803],[-71.55356,-39.42742],[-71.55382,-39.42651],[-71.5538,-39.42574],[-71.55345,-39.42461],[-71.5518,-39.42326],[-71.55092,-39.42205],[-71.55059,-39.42121],[-71.54988,-39.41641],[-71.55,-39.41536],[-71.55106,-39.41325],[-71.55146,-39.40955],[-71.55146,-39.4079],[-71.5527,-39.40446],[-71.55282,-39.40376],[-71.55251,-39.40278],[-71.55242,-39.40167],[-71.55269,-39.40091],[-71.55336,-39.40029],[-71.55678,-39.39825],[-71.55835,-39.39644],[-71.56002,-39.39517],[-71.56193,-39.39422],[-71.56372,-39.3918],[-71.56558,-39.39057],[-71.56659,-39.38938],[-71.56754,-39.38893],[-71.56841,-39.38827],[-71.57073,-39.38789],[-71.57202,-39.38745],[-71.57299,-39.38678],[-71.57368,-39.38596],[-71.57467,-39.38392],[-71.5748,-39.3832],[-71.57438,-39.38131],[-71.57359,-39.38041],[-71.57344,-39.37907],[-71.57362,-39.37811],[-71.57446,-39.37717],[-71.57575,-39.37647],[-71.57687,-39.37612],[-71.57798,-39.37533],[-71.57911,-39.37421],[-71.58004,-39.37299],[-71.58262,-39.36902],[-71.58441,-39.3654],[-71.58461,-39.3648],[-71.58461,-39.36417],[-71.58419,-39.36221],[-71.58618,-39.35945],[-71.58609,-39.358],[-71.5842,-39.35616],[-71.58404,-39.35588],[-71.58395,-39.35465],[-71.58283,-39.35253],[-71.5829,-39.35143],[-71.58363,-39.35031],[-71.58414,-39.34982],[-71.58647,-39.34886],[-71.58879,-39.34825],[-71.59102,-39.34806],[-71.5923,-39.34818],[-71.59397,-39.34809],[-71.59443,-39.34842],[-71.59492,-39.34928],[-71.59556,-39.34993],[-71.59768,-39.3513],[-71.59821,-39.35184],[-71.59862,-39.35197],[-71.60076,-39.35217],[-71.60416,-39.35185],[-71.61094,-39.35155],[-71.61764,-39.35179],[-71.62155,-39.35263],[-71.63253,-39.3566],[-71.63474,-39.35681],[-71.63709,-39.35667],[-71.63969,-39.35626],[-71.64301,-39.35557],[-71.64464,-39.35482],[-71.64602,-39.35471],[-71.64759,-39.35493],[-71.64865,-39.35525],[-71.65012,-39.35606],[-71.65047,-39.35639],[-71.65072,-39.35749],[-71.6512,-39.35774],[-71.65284,-39.35814],[-71.65686,-39.35822],[-71.66112,-39.35814],[-71.66166,-39.35788],[-71.66368,-39.35625],[-71.66519,-39.35576],[-71.66704,-39.35542],[-71.6685,-39.35524],[-71.67367,-39.3555],[-71.6761,-39.35532],[-71.68173,-39.35396],[-71.68495,-39.35363],[-71.68638,-39.35333],[-71.6919,-39.35375],[-71.69313,-39.35367],[-71.69475,-39.35326],[-71.69575,-39.35284],[-71.69813,-39.3513],[-71.70142,-39.35056],[-71.70458,-39.35043],[-71.71079,-39.351],[-71.71244,-39.35098],[-71.71721,-39.35162],[-71.71914,-39.35221],[-71.71843,-39.35496],[-71.7178,-39.35574],[-71.7164,-39.3565],[-71.71405,-39.35707],[-71.71321,-39.35766],[-71.71225,-39.3593],[-71.71002,-39.36212],[-71.70904,-39.36363],[-71.70586,-39.36705],[-71.70324,-39.36943],[-71.69698,-39.37356],[-71.69497,-39.37391],[-71.69328,-39.37346],[-71.69205,-39.37356],[-71.69138,-39.37372],[-71.69017,-39.37443],[-71.68708,-39.37765],[-71.68523,-39.37936],[-71.6834,-39.38081],[-71.68091,-39.38165],[-71.67871,-39.38356],[-71.67377,-39.38835],[-71.67262,-39.3893],[-71.67041,-39.39052],[-71.66974,-39.39108],[-71.6691,-39.39268],[-71.66768,-39.3951],[-71.6654,-39.39773],[-71.66434,-39.39975],[-71.66273,-39.40487],[-71.66156,-39.40964],[-71.66026,-39.41214],[-71.6579,-39.41468],[-71.65695,-39.4168],[-71.65582,-39.41812],[-71.65335,-39.4191],[-71.65172,-39.42019],[-71.6478,-39.42393],[-71.64524,-39.42545],[-71.64127,-39.42888],[-71.64084,-39.42946],[-71.64054,-39.43023],[-71.63964,-39.43457],[-71.63911,-39.4357],[-71.63833,-39.4367],[-71.63721,-39.43746],[-71.63592,-39.43806],[-71.6341,-39.43988],[-71.63177,-39.44429],[-71.63139,-39.44528],[-71.62886,-39.45417],[-71.62689,-39.45965],[-71.626809,-39.46],[-71.793437,-39.46],[-71.79288,-39.45916],[-71.79199,-39.45627],[-71.79176,-39.45289],[-71.79086,-39.45034],[-71.78861,-39.45041],[-71.78643,-39.45017],[-71.78549,-39.44987],[-71.78361,-39.44873],[-71.78155,-39.45398],[-71.78137,-39.45487],[-71.78156,-39.45699],[-71.78198,-39.45787],[-71.783333,-39.46],[-71.753216,-39.46],[-71.75252,-39.45793],[-71.74991,-39.45126],[-71.74632,-39.44329],[-71.74576,-39.44157],[-71.74586,-39.44012],[-71.74764,-39.43669],[-71.74895,-39.43514],[-71.75414,-39.43111],[-71.75893,-39.42791],[-71.76167,-39.42666],[-71.76311,-39.42582],[-71.76679,-39.42213],[-71.76849,-39.4195],[-71.76976,-39.4185],[-71.77057,-39.41822],[-71.77167,-39.41818],[-71.76877,-39.41799],[-71.76736,-39.41769],[-71.76688,-39.41723],[-71.76653,-39.41641],[-71.76664,-39.41484],[-71.76574,-39.41604],[-71.7646,-39.41715],[-71.76336,-39.41803],[-71.75658,-39.42051],[-71.75157,-39.42333],[-71.74553,-39.42615],[-71.74052,-39.42906],[-71.73891,-39.43069],[-71.73776,-39.43288],[-71.73659,-39.43627],[-71.73635,-39.43873],[-71.73806,-39.44345],[-71.73856,-39.44592],[-71.73854,-39.44732],[-71.73795,-39.45019],[-71.73753,-39.45087],[-71.73634,-39.45204],[-71.7354,-39.4541],[-71.73479,-39.4564],[-71.73486,-39.45929],[-71.73472,-39.46],[-71.697405,-39.46],[-71.69512,-39.45872],[-71.69253,-39.45659],[-71.69179,-39.45531],[-71.69133,-39.45395],[-71.69094,-39.45243],[-71.69081,-39.45117],[-71.69048,-39.45019],[-71.68996,-39.44931],[-71.68967,-39.44728],[-71.68906,-39.44574],[-71.68854,-39.44493],[-71.68793,-39.44405],[-71.68383,-39.44071],[-71.67938,-39.43586],[-71.67833,-39.43423],[-71.67621,-39.43011],[-71.67512,-39.42842],[-71.67129,-39.42378],[-71.6699,-39.42168],[-71.66954,-39.41962],[-71.67006,-39.41729],[-71.67078,-39.41568],[-71.67099,-39.41466],[-71.67125,-39.41402],[-71.67265,-39.41199],[-71.67359,-39.41092],[-71.67432,-39.40963],[-71.67725,-39.40371],[-71.67775,-39.40202],[-71.67848,-39.40051],[-71.67979,-39.39854],[-71.68366,-39.39359],[-71.68652,-39.39034],[-71.6885,-39.38731],[-71.68921,-39.38672],[-71.69053,-39.3838],[-71.69107,-39.38299],[-71.69147,-39.38273],[-71.69192,-39.38269],[-71.69308,-39.38304],[-71.69394,-39.38312],[-71.69459,-39.38297],[-71.69555,-39.38235],[-71.6964,-39.38099],[-71.69711,-39.38012],[-71.69778,-39.37956],[-71.70103,-39.37885],[-71.70166,-39.37833],[-71.70217,-39.37762],[-71.70222,-39.37689],[-71.70191,-39.37515],[-71.70209,-39.37457],[-71.70281,-39.37414],[-71.70342,-39.37387],[-71.70701,-39.37353],[-71.70937,-39.37211],[-71.71702,-39.36872],[-71.71813,-39.36793],[-71.7199,-39.36605],[-71.72334,-39.3633],[-71.72356,-39.36288],[-71.72347,-39.36247],[-71.72232,-39.36145],[-71.72254,-39.36084],[-71.72548,-39.3575],[-71.72697,-39.35673],[-71.73078,-39.35575],[-71.7316,-39.35577],[-71.7325,-39.35587],[-71.73503,-39.35661],[-71.7379,-39.35791],[-71.74178,-39.35858],[-71.74514,-39.35862],[-71.74648,-39.3584],[-71.74986,-39.35705],[-71.75198,-39.3556],[-71.75214,-39.35537],[-71.75214,-39.33342],[-71.73716,-39.33343],[-71.73668,-39.33486],[-71.7358,-39.33536],[-71.73218,-39.33605],[-71.72498,-39.33917],[-71.72246,-39.33977],[-71.71263,-39.34099],[-71.70539,-39.34217],[-71.70442,-39.34248],[-71.70167,-39.34353],[-71.69973,-39.34547],[-71.69807,-39.34579],[-71.69581,-39.34734],[-71.69233,-39.34858],[-71.68782,-39.34917],[-71.68562,-39.34992],[-71.68486,-39.35],[-71.67872,-39.34996],[-71.67587,-39.35017],[-71.67429,-39.35049],[-71.672,-39.35044],[-71.66901,-39.35141],[-71.66671,-39.35182],[-71.66467,-39.3515],[-71.66305,-39.35103],[-71.66082,-39.34984],[-71.65964,-39.34952],[-71.65781,-39.34951],[-71.65655,-39.34981],[-71.65551,-39.35035],[-71.6534,-39.35076],[-71.64682,-39.35057],[-71.64597,-39.35048],[-71.64284,-39.34951],[-71.64061,-39.34924],[-71.63955,-39.34879],[-71.63676,-39.34814],[-71.63057,-39.34796],[-71.62929,-39.34779],[-71.62486,-39.34651],[-71.62366,-39.3464],[-71.622,-39.34699],[-71.62017,-39.34705],[-71.61773,-39.3466],[-71.61532,-39.34568],[-71.61409,-39.34544],[-71.61299,-39.34572],[-71.61262,-39.34605],[-71.61228,-39.3465],[-71.61167,-39.34849],[-71.61144,-39.34865],[-71.61076,-39.34863],[-71.6068,-39.34657],[-71.60505,-39.34584],[-71.60416,-39.34573],[-71.60198,-39.3462],[-71.60062,-39.34595],[-71.59942,-39.34502],[-71.59699,-39.34364],[-71.59511,-39.34312],[-71.59253,-39.34329],[-71.59139,-39.34309],[-71.5897,-39.34321],[-71.58855,-39.34361],[-71.5875,-39.34429],[-71.58538,-39.34518],[-71.58403,-39.34614],[-71.58301,-39.34662],[-71.58209,-39.34683],[-71.57888,-39.34657],[-71.57787,-39.34685],[-71.57666,-39.34756],[-71.57626,-39.34806],[-71.57587,-39.34893],[-71.57595,-39.35031],[-71.57634,-39.35113],[-71.57728,-39.35188],[-71.57814,-39.35392],[-71.57787,-39.35494],[-71.57786,-39.35614],[-71.57827,-39.35762],[-71.5787,-39.35846],[-71.57876,-39.35904],[-71.57843,-39.36033],[-71.57776,-39.3613],[-71.57726,-39.36168],[-71.57681,-39.36261],[-71.57681,-39.36308],[-71.57788,-39.36477],[-71.5773,-39.36607],[-71.57609,-39.36801],[-71.5738,-39.3702],[-71.57052,-39.3725],[-71.56984,-39.37339],[-71.5696,-39.37425],[-71.56873,-39.37555],[-71.56652,-39.37756],[-71.56597,-39.37825],[-71.5655,-39.37947],[-71.56549,-39.38167],[-71.56533,-39.38232],[-71.56489,-39.38307],[-71.56386,-39.38433],[-71.56208,-39.38556],[-71.56128,-39.3863],[-71.56064,-39.38737],[-71.56051,-39.38813],[-71.55746,-39.39224],[-71.55602,-39.3933],[-71.55401,-39.39526],[-71.55268,-39.39557],[-71.55099,-39.39626],[-71.54933,-39.39661],[-71.54835,-39.39715],[-71.54726,-39.39807],[-71.54676,-39.39885],[-71.54639,-39.39997],[-71.54645,-39.4014],[-71.54525,-39.40236],[-71.54459,-39.40346],[-71.54443,-39.40473],[-71.54506,-39.40658],[-71.54471,-39.40828],[-71.54434,-39.40903],[-71.54255,-39.41106],[-71.54029,-39.41245],[-71.54,-39.412799],[-71.54,-39.418476],[-71.54011,-39.41863],[-71.5405,-39.4196],[-71.54276,-39.4224],[-71.54406,-39.42455],[-71.54483,-39.42771],[-71.54497,-39.43018],[-71.54637,-39.43352],[-71.5469,-39.43425],[-71.54703,-39.43494],[-71.54619,-39.44046],[-71.54596,-39.44386],[-71.54618,-39.4459],[-71.54672,-39.44782],[-71.54673,-39.45013],[-71.54628,-39.45239],[-71.54497,-39.45526],[-71.5449,-39.45622],[-71.54455,-39.45729],[-71.5447,-39.45964],[-71.544803,-39.46],[-71.552307,-39.46]],[[-71.662271,-39.46],[-71.65828,-39.45671],[-71.6565,-39.45442],[-71.65402,-39.45257],[-71.65362,-39.45202],[-71.65353,-39.45114],[-71.654,-39.44909],[-71.65875,-39.43886],[-71.65948,-39.43659],[-71.66153,-39.43316],[-71.66238,-39.43233],[-71.66307,-39.43189],[-71.66366,-39.43171],[-71.66432,-39.43174],[-71.66618,-39.43326],[-71.66756,-39.43488],[-71.67146,-39.44119],[-71.6723,-39.44321],[-71.67483,-39.44781],[-71.67608,-39.45202],[-71.67773,-39.4552],[-71.67899,-39.45674],[-71.68013,-39.45934],[-71.680318,-39.46],[-71.662271,-39.46]]]},"properties":{"peligro":"Alto"}},{"type":"Feature","geometry":{"type":"Polygon","coordinates":[[[-71.54666,-39.43694],[-71.54651,-39.43631],[-71.54654,-39.43653],[-71.54666,-39.43694]]]},"properties":{"peligro":"Alto"}},{"type":"Feature","geometry":{"type":"Polygon","coordinates":[[[-71.9305,-39.25419],[-71.92887,-39.2553],[-71.9268,-39.25794],[-71.92432,-39.25991],[-71.92073,-39.26236],[-71.91692,-39.2643],[-71.91418,-39.26695],[-71.90899,-39.26981],[-71.90565,-39.27144],[-71.90407,-39.27265],[-71.91016,-39.26979],[-71.91296,-39.2693],[-71.91933,-39.26918],[-71.92404,-39.26475],[-71.92716,-39.26219],[-71.92794,-39.26128],[-71.92986,-39.25692],[-71.93066,-39.25463],[-71.931,-39.25419],[-71.9305,-39.25419]]]},"properties":{"peligro":"Medio"}},{"type":"Feature","geometry":{"type":"Polygon","coordinates":[[[-71.88336,-39.26888],[-71.88506,-39.26928],[-71.88633,-39.2689],[-71.88754,-39.26888],[-71.8892,-39.26928],[-71.89213,-39.26953],[-71.89367,-39.26995],[-71.89365,-39.2689],[-71.89318,-39.26715],[-71.89239,-39.26727],[-71.89062,-39.26798],[-71.88635,-39.26779],[-71.88437,-39.26821],[-71.88336,-39.26888]]]},"properties":{"peligro":"Medio"}},{"type":"Feature","geometry":{"type":"Polygon","coordinates":[[[-71.88661,-39.27326],[-71.88626,-39.27453],[-71.88637,-39.27537],[-71.88691,-39.27599],[-71.88798,-39.27619],[-71.88907,-39.27588],[-71.88959,-39.27529],[-71.88955,-39.27462],[-71.88896,-39.27348],[-71.88837,-39.27299],[-71.88661,-39.27326]]]},"properties":{"peligro":"Medio"}},{"type":"Feature","geometry":{"type":"Polygon","coordinates":[[[-71.899,-39.27396],[-71.89928,-39.27404],[-71.90083,-39.27369],[-71.89898,-39.27369],[-71.899,-39.27396]]]},"properties":{"peligro":"Medio"}},{"type":"Feature","geometry":{"type":"Polygon","coordinates":[[[-71.88506,-39.26928],[-71.88581,-39.26945],[-71.88624,-39.26933],[-71.8892,-39.26928],[-71.88765,-39.26889],[-71.88667,-39.26887],[-71.88506,-39.26928]]]},"properties":{"peligro":"Alto"}},{"type":"Feature","geometry":{"type":"Polygon","coordinates":[[[-71.88661,-39.27326],[-71.88837,-39.27299],[-71.88722,-39.27238],[-71.88677,-39.27276],[-71.88661,-39.27326]]]},"properties":{"peligro":"Alto"}},{"type":"Feature","geometry":{"type":"Polygon","coordinates":[[[-71.899,-39.2741],[-71.89928,-39.27404],[-71.899,-39.27396],[-71.899,-39.2741]]]},"properties":{"peligro":"Alto"}},{"type":"Feature","geometry":{"type":"Polygon","coordinates":[[[-71.78108,-39.36089],[-71.78106,-39.36008],[-71.78075,-39.35948],[-71.78108,-39.36089]]]},"properties":{"peligro":"Alto"}},{"type":"Feature","geometry":{"type":"Polygon","coordinates":[[[-71.76664,-39.41484],[-71.76653,-39.41641],[-71.76688,-39.41723],[-71.76736,-39.41769],[-71.76877,-39.41799],[-71.77167,-39.41818],[-71.77663,-39.41799],[-71.7773,-39.41844],[-71.78017,-39.42202],[-71.78262,-39.42578],[-71.78345,-39.42741],[-71.7845,-39.43056],[-71.78552,-39.43558],[-71.78578,-39.43807],[-71.78572,-39.4407],[-71.78543,-39.44291],[-71.78361,-39.44873],[-71.78549,-39.44987],[-71.78643,-39.45017],[-71.78861,-39.45041],[-71.79082,-39.45028],[-71.78877,-39.44731],[-71.78702,-39.44661],[-71.78606,-39.44587],[-71.78531,-39.44416],[-71.78582,-39.44228],[-71.78718,-39.44018],[-71.78847,-39.43598],[-71.78868,-39.43377],[-71.78801,-39.43144],[-71.78749,-39.4308],[-71.78595,-39.42753],[-71.78467,-39.42346],[-71.78401,-39.42233],[-71.78329,-39.42136],[-71.78105,-39.41932],[-71.77609,-39.41631],[-71.77038,-39.4117],[-71.76936,-39.41041],[-71.76873,-39.4093],[-71.76869,-39.40892],[-71.76853,-39.41092],[-71.76756,-39.41329],[-71.76664,-39.41484]]]},"properties":{"peligro":"Alto"}},{"type":"Feature","geometry":{"type":"Polygon","coordinates":[[[-71.78114,-39.41556],[-71.77972,-39.41512],[-71.77774,-39.41405],[-71.77723,-39.41361],[-71.77671,-39.41281],[-71.77642,-39.41183],[-71.7757,-39.41269],[-71.77562,-39.41316],[-71.77578,-39.41403],[-71.77604,-39.41446],[-71.77697,-39.41513],[-71.7791,-39.41588],[-71.78114,-39.41556]]]},"properties":{"peligro":"Alto"}},{"type":"Feature","geometry":{"type":"Polygon","coordinates":[[[-71.79229,-39.42962],[-71.78917,-39.42247],[-71.78857,-39.42132],[-71.78716,-39.41948],[-71.78695,-39.4207],[-71.7886,-39.42344],[-71.78976,-39.4264],[-71.79077,-39.42747],[-71.79155,-39.42915],[-71.79229,-39.42962]]]},"properties":{"peligro":"Alto"}},{"type":"Feature","geometry":{"type":"Polygon","coordinates":[[[-71.79034,-39.43946],[-71.79223,-39.43676],[-71.79138,-39.43705],[-71.7906,-39.43842],[-71.79034,-39.43946]]]},"properties":{"peligro":"Alto"}},{"type":"Feature","geometry":{"type":"Polygon","coordinates":[[[-71.931,-39.25419],[-71.93066,-39.25463],[-71.92986,-39.25692],[-71.92794,-39.26128],[-71.92716,-39.26219],[-71.92404,-39.26475],[-71.91933,-39.26918],[-71.91296,-39.2693],[-71.91016,-39.26979],[-71.90407,-39.27265],[-71.90317,-39.27334],[-71.89928,-39.27404],[-71.90039,-39.27432],[-71.901,-39.27427],[-71.9046,-39.27331],[-71.90622,-39.27305],[-71.91107,-39.27087],[-71.91209,-39.2706],[-71.91309,-39.2706],[-71.91483,-39.27119],[-71.91814,-39.27165],[-71.91966,-39.27149],[-71.92095,-39.2707],[-71.92129,-39.2691],[-71.92225,-39.26821],[-71.92351,-39.2677],[-71.92653,-39.267],[-71.92989,-39.26559],[-71.93213,-39.26456],[-71.93399,-39.26319],[-71.93707,-39.26172],[-71.93768,-39.2613],[-71.93941,-39.2596],[-71.94041,-39.2589],[-71.94069,-39.25703],[-71.94108,-39.25644],[-71.94233,-39.25591],[-71.94465,-39.25601],[-71.94515,-39.25587],[-71.9458,-39.2552],[-71.94588,-39.25418],[-71.931,-39.25419]]]},"properties":{"peligro":"Alto"}},{"type":"Feature","geometry":{"type":"Polygon","coordinates":[[[-71.95267,-39.2633],[-71.95345,-39.26294],[-71.95409,-39.26158],[-71.95684,-39.26012],[-71.95864,-39.26008],[-71.96151,-39.2606],[-71.96488,-39.26176],[-71.96899,-39.26269],[-71.97179,-39.26394],[-71.97302,-39.26398],[-71.97253,-39.26243],[-71.97257,-39.26208],[-71.9713,-39.26027],[-71.97123,-39.25972],[-71.96961,-39.25968],[-71.96664,-39.26023],[-71.9654,-39.26015],[-71.96088,-39.25818],[-71.96022,-39.25776],[-71.95792,-39.25782],[-71.95676,-39.25828],[-71.95451,-39.25956],[-71.95265,-39.26001],[-71.95233,-39.26106],[-71.95267,-39.2633]]]},"properties":{"peligro":"Alto"}},{"type":"Feature","geometry":{"type":"Polygon","coordinates":[[[-71.9019,-39.27756],[-71.90434,-39.27869],[-71.90574,-39.27836],[-71.90724,-39.27773],[-71.90848,-39.278],[-71.91407,-39.27793],[-71.917,-39.27764],[-71.91963,-39.27698],[-71.92386,-39.27629],[-71.92807,-39.27485],[-71.93931,-39.26926],[-71.94276,-39.26792],[-71.94676,-39.26602],[-71.94078,-39.26681],[-71.93636,-39.26852],[-71.93371,-39.26874],[-71.93238,-39.26921],[-71.92912,-39.27093],[-71.92849,-39.27189],[-71.92746,-39.27275],[-71.92647,-39.27314],[-71.92461,-39.2734],[-71.92226,-39.27543],[-71.92075,-39.27618],[-71.91949,-39.27628],[-71.91747,-39.27596],[-71.91624,-39.27657],[-71.91494,-39.27675],[-71.91374,-39.27661],[-71.91304,-39.27636],[-71.9096,-39.27608],[-71.90749,-39.27643],[-71.90577,-39.27696],[-71.90537,-39.27767],[-71.9044,-39.27811],[-71.90338,-39.27809],[-71.90247,-39.27758],[-71.9019,-39.27756]]]},"properties":{"peligro":"Alto"}},{"type":"Feature","geometry":{"type":"Polygon","coordinates":[[[-71.87228,-39.27377],[-71.87405,-39.27322],[-71.87987,-39.27253],[-71.88202,-39.27126],[-71.88319,-39.27077],[-71.88416,-39.26981],[-71.88506,-39.26928],[-71.88336,-39.26888],[-71.88253,-39.26943],[-71.87973,-39.27053],[-71.87654,-39.27135],[-71.87337,-39.27283],[-71.87228,-39.27377]]]},"properties":{"peligro":"Alto"}},{"type":"Feature","geometry":{"type":"Polygon","coordinates":[[[-71.89445,-39.27024],[-71.89213,-39.26953],[-71.8892,-39.26928],[-71.8934,-39.27067],[-71.89445,-39.27024]]]},"properties":{"peligro":"Alto"}},{"type":"Feature","geometry":{"type":"Polygon","coordinates":[[[-71.88837,-39.27299],[-71.88896,-39.27348],[-71.88955,-39.27462],[-71.88959,-39.27529],[-71.88907,-39.27588],[-71.88798,-39.27619],[-71.88691,-39.27599],[-71.88637,-39.27537],[-71.88626,-39.27453],[-71.88661,-39.27326],[-71.88619,-39.27339],[-71.88207,-39.2755],[-71.87909,-39.27614],[-71.87489,-39.27782],[-71.8741,-39.27837],[-71.87281,-39.28027],[-71.87157,-39.28124],[-71.89003,-39.2789],[-71.89482,-39.27782],[-71.89967,-39.27737],[-71.896,-39.27644],[-71.89432,-39.27566],[-71.89349,-39.27494],[-71.89224,-39.27346],[-71.89044,-39.27301],[-71.88837,-39.27299]]]},"properties":{"peligro":"Alto"}},{"type":"Feature","geometry":{"type":"Polygon","coordinates":[[[-71.86764,-39.2789],[-71.8682,-39.27873],[-71.86916,-39.27798],[-71.87151,-39.27555],[-71.87145,-39.27491],[-71.87171,-39.27426],[-71.87099,-39.27488],[-71.86974,-39.27668],[-71.868,-39.27812],[-71.86764,-39.2789]]]},"properties":{"peligro":"Alto"}},{"type":"Feature","geometry":{"type":"Polygon","coordinates":[[[-71.84989,-39.30561],[-71.85037,-39.30545],[-71.85066,-39.30419],[-71.84955,-39.30143],[-71.84909,-39.3011],[-71.84894,-39.30069],[-71.84901,-39.30034],[-71.84929,-39.29995],[-71.85013,-39.29941],[-71.85053,-39.29818],[-71.85084,-39.29789],[-71.85107,-39.29789],[-71.85151,-39.29717],[-71.85225,-39.29435],[-71.85352,-39.29063],[-71.85492,-39.2878],[-71.85878,-39.28476],[-71.86185,-39.28321],[-71.86591,-39.28239],[-71.86355,-39.28157],[-71.86151,-39.28169],[-71.85873,-39.2824],[-71.85758,-39.28296],[-71.85695,-39.28347],[-71.85535,-39.28402],[-71.85433,-39.28507],[-71.85401,-39.28587],[-71.85377,-39.28838],[-71.85331,-39.2898],[-71.85284,-39.29059],[-71.85161,-39.29169],[-71.85156,-39.29321],[-71.85132,-39.29454],[-71.85147,-39.29584],[-71.85127,-39.29678],[-71.85044,-39.29772],[-71.84877,-39.29874],[-71.84846,-39.29931],[-71.84847,-39.30076],[-71.84883,-39.30163],[-71.84943,-39.30242],[-71.85012,-39.30378],[-71.85014,-39.30481],[-71.84989,-39.30561]]]},"properties":{"peligro":"Alto"}},{"type":"Feature","geometry":{"type":"Polygon","coordinates":[[[-71.76228,-39.33342],[-71.76071,-39.33428],[-71.75872,-39.33511],[-71.75802,-39.33592],[-71.75756,-39.33676],[-71.75757,-39.33855],[-71.75785,-39.3395],[-71.75924,-39.34135],[-71.76013,-39.34218],[-71.76149,-39.34306],[-71.7653,-39.34399],[-71.76926,-39.34473],[-71.77218,-39.34473],[-71.77379,-39.34527],[-71.77126,-39.34251],[-71.76833,-39.33994],[-71.76704,-39.33816],[-71.76615,-39.3367],[-71.7657,-39.33531],[-71.76538,-39.33342],[-71.76228,-39.33342]]]},"properties":{"peligro":"Alto"}},{"type":"Feature","geometry":{"type":"Polygon","coordinates":[[[-71.96847,-39.25472],[-71.96907,-39.25482],[-71.97136,-39.2546],[-71.97205,-39.25416],[-71.96837,-39.25417],[-71.96831,-39.25449],[-71.96847,-39.25472]]]},"properties":{"peligro":"Alto"}},{"type":"Feature","geometry":{"type":"Polygon","coordinates":[[[-71.95669,-39.25606],[-71.95737,-39.25606],[-71.95893,-39.25568],[-71.96127,-39.25433],[-71.9613,-39.25417],[-71.95559,-39.25418],[-71.95511,-39.25489],[-71.9551,-39.25537],[-71.95548,-39.2558],[-71.95669,-39.25606]]]},"properties":{"peligro":"Alto"}},{"type":"Feature","geometry":{"type":"Polygon","coordinates":[[[-71.94329,-39.26219],[-71.93865,-39.2632],[-71.93473,-39.26511],[-71.93452,-39.26529],[-71.93465,-39.26549],[-71.93908,-39.26555],[-71.94313,-39.26455],[-71.94361,-39.26425],[-71.94454,-39.26301],[-71.94539,-39.2623],[-71.94597,-39.26224],[-71.94688,-39.26249],[-71.94783,-39.26239],[-71.94835,-39.26213],[-71.94887,-39.26155],[-71.94896,-39.26015],[-71.95002,-39.25922],[-71.9502,-39.25889],[-71.95238,-39.25753],[-71.95372,-39.2564],[-71.95445,-39.25522],[-71.95479,-39.25417],[-71.9478,-39.25418],[-71.94786,-39.25551],[-71.94766,-39.25628],[-71.94648,-39.25749],[-71.94463,-39.2612],[-71.94381,-39.26193],[-71.94329,-39.26219]]]},"properties":{"peligro":"Alto"}},{"type":"Feature","geometry":{"type":"Polygon","coordinates":[[[-71.94588,-39.25418],[-71.9458,-39.2552],[-71.94515,-39.25587],[-71.94465,-39.25601],[-71.94233,-39.25591],[-71.94108,-39.25644],[-71.94069,-39.25703],[-71.94041,-39.2589],[-71.93941,-39.2596],[-71.93768,-39.2613],[-71.93707,-39.26172],[-71.93399,-39.26319],[-71.93213,-39.26456],[-71.92989,-39.26559],[-71.92653,-39.267],[-71.92351,-39.2677],[-71.92225,-39.26821],[-71.92129,-39.2691],[-71.92095,-39.2707],[-71.91966,-39.27149],[-71.91814,-39.27165],[-71.91483,-39.27119],[-71.91309,-39.2706],[-71.91209,-39.2706],[-71.91107,-39.27087],[-71.90622,-39.27305],[-71.9046,-39.27331],[-71.901,-39.27427],[-71.90039,-39.27432],[-71.89928,-39.27404],[-71.89789,-39.27418],[-71.89697,-39.27396],[-71.89612,-39.27318],[-71.89513,-39.27079],[-71.89445,-39.27024],[-71.8934,-39.27067],[-71.8892,-39.26928],[-71.88624,-39.26933],[-71.88581,-39.26945],[-71.88506,-39.26928],[-71.88416,-39.26981],[-71.88319,-39.27077],[-71.88202,-39.27126],[-71.87987,-39.27253],[-71.87405,-39.27322],[-71.87249,-39.27365],[-71.87162,-39.27441],[-71.87144,-39.27499],[-71.87151,-39.27555],[-71.86916,-39.27798],[-71.8682,-39.27873],[-71.86571,-39.27991],[-71.86502,-39.28009],[-71.86408,-39.28001],[-71.86243,-39.27921],[-71.86066,-39.27869],[-71.86022,-39.27845],[-71.85992,-39.27804],[-71.85748,-39.27884],[-71.85301,-39.27925],[-71.85133,-39.28003],[-71.85031,-39.28095],[-71.8495,-39.28233],[-71.84943,-39.28371],[-71.84993,-39.28508],[-71.84981,-39.28643],[-71.84856,-39.28951],[-71.84801,-39.29016],[-71.84748,-39.29152],[-71.84726,-39.29571],[-71.84506,-39.29741],[-71.84459,-39.29835],[-71.84441,-39.29959],[-71.84463,-39.30089],[-71.84453,-39.30149],[-71.84488,-39.30213],[-71.84485,-39.30326],[-71.84461,-39.30449],[-71.84431,-39.30501],[-71.84238,-39.30685],[-71.84201,-39.30774],[-71.84191,-39.30881],[-71.84146,-39.30973],[-71.84101,-39.31026],[-71.84007,-39.31107],[-71.83818,-39.312],[-71.83694,-39.31338],[-71.83466,-39.31797],[-71.83365,-39.31939],[-71.83341,-39.32022],[-71.83281,-39.32063],[-71.83124,-39.32247],[-71.82973,-39.32517],[-71.82714,-39.32731],[-71.82493,-39.3283],[-71.82306,-39.32883],[-71.8218,-39.32957],[-71.81893,-39.32992],[-71.81711,-39.3307],[-71.81308,-39.33164],[-71.81162,-39.33156],[-71.80824,-39.3308],[-71.80583,-39.33059],[-71.80336,-39.33017],[-71.79912,-39.32836],[-71.79691,-39.32656],[-71.79549,-39.32646],[-71.79166,-39.32581],[-71.78793,-39.32502],[-71.786,-39.32418],[-71.78255,-39.32331],[-71.77937,-39.32213],[-71.77585,-39.3217],[-71.77234,-39.32185],[-71.76905,-39.32252],[-71.76521,-39.32291],[-71.76428,-39.32286],[-71.76371,-39.32256],[-71.76312,-39.32084],[-71.76201,-39.31974],[-71.75827,-39.31873],[-71.7542,-39.31897],[-71.75214,-39.31946],[-71.75214,-39.32232],[-71.75252,-39.32225],[-71.75383,-39.32153],[-71.75448,-39.32155],[-71.75565,-39.32223],[-71.75624,-39.32312],[-71.75684,-39.32371],[-71.7577,-39.32396],[-71.75878,-39.32258],[-71.75924,-39.32222],[-71.75983,-39.32213],[-71.76043,-39.32227],[-71.76169,-39.32307],[-71.76242,-39.32395],[-71.76296,-39.32567],[-71.76311,-39.32826],[-71.76331,-39.3288],[-71.76409,-39.32928],[-71.7662,-39.32994],[-71.76877,-39.33042],[-71.77065,-39.33038],[-71.77217,-39.33007],[-71.77449,-39.33025],[-71.77641,-39.33062],[-71.77962,-39.33028],[-71.78148,-39.33082],[-71.78462,-39.33132],[-71.78623,-39.33129],[-71.78815,-39.331],[-71.79167,-39.33093],[-71.79453,-39.33158],[-71.7976,-39.33206],[-71.79856,-39.3321],[-71.80288,-39.33168],[-71.80538,-39.33212],[-71.80726,-39.33226],[-71.81106,-39.33305],[-71.81274,-39.33324],[-71.81369,-39.33319],[-71.8165,-39.33253],[-71.81898,-39.33139],[-71.8225,-39.33093],[-71.82375,-39.33018],[-71.82504,-39.32988],[-71.82756,-39.32886],[-71.82872,-39.32792],[-71.82999,-39.32718],[-71.83132,-39.32573],[-71.83202,-39.32403],[-71.83317,-39.32248],[-71.83417,-39.32157],[-71.83472,-39.32131],[-71.83501,-39.32014],[-71.83629,-39.31819],[-71.83824,-39.3142],[-71.8389,-39.31335],[-71.83989,-39.31272],[-71.84167,-39.31216],[-71.84262,-39.31148],[-71.84308,-39.31086],[-71.84346,-39.30979],[-71.84347,-39.30808],[-71.84366,-39.30763],[-71.84398,-39.30725],[-71.84629,-39.30599],[-71.84739,-39.30478],[-71.8475,-39.30431],[-71.8474,-39.30382],[-71.8457,-39.30087],[-71.84597,-39.29887],[-71.84643,-39.29818],[-71.84811,-39.29708],[-71.84861,-39.29649],[-71.84886,-39.29255],[-71.84903,-39.29177],[-71.85024,-39.28968],[-71.85112,-39.28747],[-71.85135,-39.28652],[-71.85145,-39.28495],[-71.85095,-39.28374],[-71.85094,-39.28297],[-71.8516,-39.2818],[-71.85252,-39.28106],[-71.85305,-39.28078],[-71.85404,-39.28056],[-71.85754,-39.28032],[-71.86078,-39.27934],[-71.86176,-39.27936],[-71.86302,-39.27964],[-71.86449,-39.2803],[-71.86541,-39.28054],[-71.86801,-39.2804],[-71.86894,-39.28003],[-71.86992,-39.27927],[-71.87311,-39.27623],[-71.87289,-39.27531],[-71.87327,-39.27496],[-71.87657,-39.27447],[-71.87837,-39.27436],[-71.88048,-39.27395],[-71.88287,-39.27256],[-71.88395,-39.27213],[-71.88521,-39.27098],[-71.88573,-39.27069],[-71.88669,-39.27046],[-71.88762,-39.27051],[-71.88934,-39.2712],[-71.89293,-39.27221],[-71.89383,-39.27284],[-71.8944,-39.27345],[-71.89491,-39.27436],[-71.89536,-39.27466],[-71.89664,-39.27486],[-71.89716,-39.27515],[-71.90013,-39.27591],[-71.90107,-39.27586],[-71.90509,-39.2748],[-71.90643,-39.27464],[-71.91212,-39.27223],[-71.91275,-39.2722],[-71.91393,-39.27266],[-71.91647,-39.27305],[-71.91806,-39.274],[-71.91965,-39.2741],[-71.92056,-39.27392],[-71.92177,-39.2731],[-71.92222,-39.27245],[-71.92271,-39.27005],[-71.92351,-39.26944],[-71.92668,-39.26867],[-71.92828,-39.26785],[-71.93283,-39.26604],[-71.93529,-39.26435],[-71.93852,-39.26283],[-71.9399,-39.2614],[-71.94123,-39.26033],[-71.94203,-39.26009],[-71.94354,-39.26017],[-71.94472,-39.25983],[-71.94521,-39.25918],[-71.94596,-39.25751],[-71.94698,-39.25647],[-71.94745,-39.25555],[-71.94756,-39.25418],[-71.94588,-39.25418]]]},"properties":{"peligro":"Alto"}},{"type":"Feature","geometry":{"type":"Polygon","coordinates":[[[-71.96917,-39.25582],[-71.96966,-39.25635],[-71.97025,-39.25652],[-71.97149,-39.25641],[-71.97289,-39.25585],[-71.97377,-39.256],[-71.97428,-39.25628],[-71.97522,-39.25618],[-71.97538,-39.25599],[-71.9751,-39.2556],[-71.97495,-39.25465],[-71.97449,-39.25435],[-71.97354,-39.25439],[-71.97209,-39.25492],[-71.96954,-39.2553],[-71.96906,-39.2556],[-71.96917,-39.25582]]]},"properties":{"peligro":"Alto"}},{"type":"Feature","geometry":{"type":"Polygon","coordinates":[[[-71.96595,-39.25485],[-71.96441,-39.25488],[-71.96363,-39.25523],[-71.96249,-39.255],[-71.96133,-39.25543],[-71.96069,-39.25593],[-71.9601,-39.25609],[-71.95996,-39.25631],[-71.96307,-39.25672],[-71.96624,-39.25781],[-71.96745,-39.25797],[-71.96802,-39.2578],[-71.96923,-39.25704],[-71.96932,-39.25657],[-71.96821,-39.25572],[-71.96799,-39.25529],[-71.96748,-39.25499],[-71.96688,-39.25478],[-71.96595,-39.25485]]]},"properties":{"peligro":"Alto"}},{"type":"Feature","geometry":{"type":"Polygon","coordinates":[[[-71.95326,-39.25764],[-71.95322,-39.25786],[-71.95348,-39.25782],[-71.95512,-39.25702],[-71.95533,-39.25682],[-71.95528,-39.25658],[-71.9538,-39.25703],[-71.95326,-39.25764]]]},"properties":{"peligro":"Alto"}},{"type":"Feature","geometry":{"type":"Polygon","coordinates":[[[-71.97461,-39.25754],[-71.97528,-39.25677],[-71.97503,-39.25666],[-71.97349,-39.25663],[-71.97303,-39.25698],[-71.97377,-39.25734],[-71.97399,-39.25802],[-71.9743,-39.25797],[-71.97461,-39.25754]]]},"properties":{"peligro":"Alto"}},{"type":"Feature","geometry":{"type":"Polygon","coordinates":[[[-71.81605,-39.33333],[-71.81962,-39.33333],[-71.8205,-39.33292],[-71.82297,-39.33265],[-71.82554,-39.33177],[-71.82975,-39.32993],[-71.83396,-39.32676],[-71.83445,-39.32594],[-71.83518,-39.32364],[-71.83561,-39.32307],[-71.83683,-39.32201],[-71.83785,-39.32048],[-71.839,-39.31789],[-71.83977,-39.31672],[-71.84074,-39.31563],[-71.84116,-39.31415],[-71.84261,-39.31375],[-71.84475,-39.31091],[-71.84487,-39.309],[-71.8451,-39.30867],[-71.84593,-39.30807],[-71.84727,-39.30674],[-71.84989,-39.30561],[-71.85014,-39.30481],[-71.85012,-39.30378],[-71.84943,-39.30242],[-71.84883,-39.30163],[-71.84847,-39.30076],[-71.84846,-39.29931],[-71.84877,-39.29874],[-71.85044,-39.29772],[-71.85127,-39.29678],[-71.85147,-39.29584],[-71.85132,-39.29454],[-71.85156,-39.29321],[-71.85161,-39.29169],[-71.85284,-39.29059],[-71.85331,-39.2898],[-71.85377,-39.28838],[-71.85401,-39.28587],[-71.85433,-39.28507],[-71.85535,-39.28402],[-71.85695,-39.28347],[-71.85758,-39.28296],[-71.85873,-39.2824],[-71.86263,-39.28153],[-71.86355,-39.28157],[-71.86642,-39.2825],[-71.86905,-39.28247],[-71.86975,-39.28231],[-71.871,-39.28173],[-71.87273,-39.28034],[-71.8741,-39.27837],[-71.87469,-39.27793],[-71.87665,-39.27703],[-71.87909,-39.27614],[-71.88216,-39.27547],[-71.88476,-39.27403],[-71.88661,-39.27326],[-71.88677,-39.27276],[-71.88722,-39.27238],[-71.88837,-39.27299],[-71.89044,-39.27301],[-71.89224,-39.27346],[-71.89404,-39.27548],[-71.896,-39.27644],[-71.89967,-39.27737],[-71.90134,-39.27722],[-71.9019,-39.27756],[-71.90247,-39.27758],[-71.90292,-39.27792],[-71.90362,-39.27814],[-71.9044,-39.27811],[-71.90509,-39.27787],[-71.90552,-39.27751],[-71.90577,-39.27696],[-71.90749,-39.27643],[-71.9096,-39.27608],[-71.91304,-39.27636],[-71.91374,-39.27661],[-71.91494,-39.27675],[-71.91624,-39.27657],[-71.91747,-39.27596],[-71.91949,-39.27628],[-71.92064,-39.27621],[-71.92226,-39.27543],[-71.92461,-39.2734],[-71.92647,-39.27314],[-71.92746,-39.27275],[-71.92849,-39.27189],[-71.92912,-39.27093],[-71.93238,-39.26921],[-71.93371,-39.26874],[-71.93636,-39.26852],[-71.94078,-39.26681],[-71.9422,-39.26656],[-71.94391,-39.26648],[-71.94781,-39.26582],[-71.95132,-39.26453],[-71.95267,-39.2633],[-71.95233,-39.26106],[-71.95265,-39.26001],[-71.95451,-39.25956],[-71.95676,-39.25828],[-71.95792,-39.25782],[-71.96022,-39.25776],[-71.96469,-39.25991],[-71.9654,-39.26015],[-71.96664,-39.26023],[-71.96961,-39.25968],[-71.97123,-39.25972],[-71.97145,-39.25915],[-71.97216,-39.25882],[-71.97216,-39.25862],[-71.97188,-39.25821],[-71.97136,-39.25795],[-71.97043,-39.25769],[-71.96921,-39.25772],[-71.96813,-39.25826],[-71.96691,-39.25941],[-71.96602,-39.25992],[-71.9646,-39.25865],[-71.96222,-39.25771],[-71.96079,-39.25679],[-71.95765,-39.25674],[-71.95677,-39.25697],[-71.95336,-39.25875],[-71.95139,-39.25921],[-71.95088,-39.25989],[-71.95046,-39.26133],[-71.95081,-39.26279],[-71.95083,-39.26352],[-71.95054,-39.26393],[-71.95007,-39.26423],[-71.94811,-39.26497],[-71.94555,-39.26502],[-71.94363,-39.26541],[-71.94105,-39.26562],[-71.93848,-39.26645],[-71.93629,-39.26741],[-71.93346,-39.26774],[-71.93165,-39.2682],[-71.92907,-39.26972],[-71.92771,-39.27033],[-71.92693,-39.2714],[-71.92624,-39.27198],[-71.92346,-39.27265],[-71.92061,-39.275],[-71.92001,-39.27521],[-71.91687,-39.27486],[-71.91565,-39.27555],[-71.91475,-39.27568],[-71.91326,-39.27525],[-71.90945,-39.27499],[-71.90722,-39.2753],[-71.90408,-39.27633],[-71.9025,-39.27648],[-71.89996,-39.27638],[-71.89613,-39.27532],[-71.89511,-39.27485],[-71.89447,-39.27428],[-71.89359,-39.27301],[-71.89226,-39.27227],[-71.89071,-39.27196],[-71.88742,-39.2709],[-71.8865,-39.27084],[-71.88568,-39.27125],[-71.88378,-39.2729],[-71.8817,-39.27432],[-71.88049,-39.27474],[-71.87831,-39.27509],[-71.87563,-39.27602],[-71.87494,-39.27648],[-71.87346,-39.27698],[-71.8721,-39.27818],[-71.87107,-39.27971],[-71.86999,-39.28047],[-71.86941,-39.2811],[-71.86889,-39.28136],[-71.86796,-39.28145],[-71.86617,-39.28132],[-71.86276,-39.28005],[-71.86179,-39.28019],[-71.86061,-39.2807],[-71.85907,-39.28111],[-71.85647,-39.28161],[-71.85564,-39.28262],[-71.85449,-39.28293],[-71.85224,-39.28397],[-71.85203,-39.28443],[-71.85194,-39.2882],[-71.85101,-39.29012],[-71.84991,-39.29112],[-71.84972,-39.29158],[-71.84975,-39.29332],[-71.84942,-39.29482],[-71.84952,-39.29577],[-71.84936,-39.29648],[-71.84903,-39.29687],[-71.84733,-39.29803],[-71.84654,-39.29915],[-71.84642,-39.30013],[-71.8465,-39.30132],[-71.8482,-39.30403],[-71.84809,-39.30528],[-71.8478,-39.30572],[-71.84728,-39.30609],[-71.84503,-39.30698],[-71.84443,-39.30759],[-71.84418,-39.30801],[-71.84413,-39.30848],[-71.84428,-39.30946],[-71.84421,-39.31018],[-71.84369,-39.31141],[-71.84316,-39.31205],[-71.84234,-39.31247],[-71.84018,-39.31303],[-71.83948,-39.31355],[-71.8388,-39.31544],[-71.83816,-39.31604],[-71.83728,-39.31739],[-71.83567,-39.32073],[-71.83479,-39.32177],[-71.83376,-39.32267],[-71.83329,-39.32334],[-71.83269,-39.32543],[-71.83227,-39.32617],[-71.82992,-39.32782],[-71.82921,-39.32864],[-71.82798,-39.32938],[-71.82268,-39.33142],[-71.82171,-39.33164],[-71.81958,-39.33177],[-71.81778,-39.33274],[-71.81605,-39.33333]]]},"properties":{"peligro":"Alto"}},{"type":"Feature","geometry":{"type":"Polygon","coordinates":[[[-71.96417,-39.25813],[-71.96478,-39.25816],[-71.96499,-39.25788],[-71.96476,-39.25774],[-71.96249,-39.25693],[-71.96219,-39.25692],[-71.962,-39.2571],[-71.96417,-39.25813]]]},"properties":{"peligro":"Alto"}},{"type":"Feature","geometry":{"type":"Polygon","coordinates":[[[-71.97258,-39.25877],[-71.97286,-39.25886],[-71.97376,-39.25866],[-71.97305,-39.25823],[-71.97232,-39.25747],[-71.97115,-39.25731],[-71.97094,-39.25748],[-71.97205,-39.25789],[-71.97258,-39.25877]]]},"properties":{"peligro":"Alto"}},{"type":"Feature","geometry":{"type":"Polygon","coordinates":[[[-71.9436,-39.26046],[-71.94135,-39.26058],[-71.94018,-39.26147],[-71.93954,-39.26232],[-71.93981,-39.26246],[-71.94076,-39.2624],[-71.9431,-39.26179],[-71.94378,-39.26134],[-71.9445,-39.26027],[-71.9436,-39.26046]]]},"properties":{"peligro":"Alto"}},{"type":"Feature","geometry":{"type":"Polygon","coordinates":[[[-71.94843,-39.26402],[-71.94843,-39.26426],[-71.94873,-39.26424],[-71.94919,-39.26393],[-71.9498,-39.26283],[-71.94983,-39.26236],[-71.9495,-39.26233],[-71.94915,-39.26272],[-71.94843,-39.26402]]]},"properties":{"peligro":"Alto"}},{"type":"Feature","geometry":{"type":"Polygon","coordinates":[[[-71.94728,-39.26272],[-71.94607,-39.26249],[-71.94546,-39.26259],[-71.94471,-39.26333],[-71.94408,-39.26439],[-71.9443,-39.26456],[-71.94585,-39.26448],[-71.94692,-39.2642],[-71.94765,-39.26377],[-71.94881,-39.26261],[-71.94877,-39.26238],[-71.94728,-39.26272]]]},"properties":{"peligro":"Alto"}},{"type":"Feature","geometry":{"type":"Polygon","coordinates":[[[-71.93432,-39.26661],[-71.93206,-39.26677],[-71.93091,-39.26759],[-71.93106,-39.26783],[-71.93136,-39.26779],[-71.9333,-39.26705],[-71.9353,-39.26681],[-71.9374,-39.2662],[-71.93785,-39.26587],[-71.93761,-39.26574],[-71.93635,-39.26584],[-71.93496,-39.26653],[-71.93432,-39.26661]]]},"properties":{"peligro":"Alto"}},{"type":"Feature","geometry":{"type":"Polygon","coordinates":[[[-71.93359,-39.2662],[-71.93345,-39.26641],[-71.93439,-39.26634],[-71.93515,-39.26597],[-71.93499,-39.26578],[-71.93438,-39.26582],[-71.93359,-39.2662]]]},"properties":{"peligro":"Alto"}},{"type":"Feature","geometry":{"type":"Polygon","coordinates":[[[-71.92283,-39.27175],[-71.92297,-39.27195],[-71.925,-39.27054],[-71.92707,-39.26972],[-71.9295,-39.26834],[-71.92986,-39.26785],[-71.92929,-39.26789],[-71.92772,-39.26876],[-71.92433,-39.26956],[-71.92348,-39.26992],[-71.9232,-39.2711],[-71.92283,-39.27175]]]},"properties":{"peligro":"Alto"}},{"type":"Feature","geometry":{"type":"Polygon","coordinates":[[[-71.92429,-39.27168],[-71.92438,-39.27189],[-71.92586,-39.27159],[-71.92684,-39.27061],[-71.9268,-39.27037],[-71.92538,-39.27081],[-71.92491,-39.2714],[-71.92429,-39.27168]]]},"properties":{"peligro":"Alto"}},{"type":"Feature","geometry":{"type":"Polygon","coordinates":[[[-71.90974,-39.27394],[-71.90918,-39.27417],[-71.90919,-39.27443],[-71.91152,-39.27491],[-71.91272,-39.27478],[-71.91441,-39.27398],[-71.91628,-39.27385],[-71.91621,-39.27363],[-71.91541,-39.27332],[-71.91295,-39.27298],[-71.91143,-39.27325],[-71.90974,-39.27394]]]},"properties":{"peligro":"Alto"}},{"type":"Feature","geometry":{"type":"Polygon","coordinates":[[[-71.91446,-39.27535],[-71.91474,-39.27541],[-71.91546,-39.27515],[-71.91603,-39.2746],[-71.91584,-39.27442],[-71.91497,-39.27432],[-71.91383,-39.2747],[-71.91357,-39.27488],[-71.91358,-39.2751],[-71.91446,-39.27535]]]},"properties":{"peligro":"Alto"}},{"type":"Feature","geometry":{"type":"Polygon","coordinates":[[[-71.85904,-39.28049],[-71.85967,-39.2805],[-71.86029,-39.2803],[-71.86077,-39.28002],[-71.86073,-39.27977],[-71.85895,-39.28015],[-71.85885,-39.28037],[-71.85904,-39.28049]]]},"properties":{"peligro":"Alto"}},{"type":"Feature","geometry":{"type":"Polygon","coordinates":[[[-71.85186,-39.28269],[-71.85203,-39.28289],[-71.85238,-39.28292],[-71.85422,-39.28287],[-71.8553,-39.28248],[-71.85571,-39.28183],[-71.85569,-39.2816],[-71.85516,-39.28135],[-71.85385,-39.28129],[-71.85295,-39.28172],[-71.85186,-39.28269]]]},"properties":{"peligro":"Alto"}},{"type":"Feature","geometry":{"type":"Polygon","coordinates":[[[-71.75214,-39.33333],[-71.76545,-39.33333],[-71.76599,-39.33268],[-71.76773,-39.33243],[-71.77181,-39.33233],[-71.77552,-39.33269],[-71.77917,-39.33333],[-71.80963,-39.33333],[-71.80588,-39.33248],[-71.80336,-39.33212],[-71.80144,-39.33214],[-71.79894,-39.33261],[-71.79796,-39.33261],[-71.79374,-39.33166],[-71.79179,-39.33137],[-71.78942,-39.33134],[-71.78725,-39.33187],[-71.786,-39.33191],[-71.78421,-39.33183],[-71.77989,-39.33088],[-71.77673,-39.33113],[-71.77283,-39.33045],[-71.77182,-39.33055],[-71.77003,-39.33107],[-71.7688,-39.331],[-71.76665,-39.33036],[-71.76448,-39.32994],[-71.76292,-39.32934],[-71.76216,-39.32829],[-71.76238,-39.32639],[-71.76216,-39.32467],[-71.76159,-39.32373],[-71.76086,-39.32298],[-71.76057,-39.32288],[-71.76001,-39.32301],[-71.75891,-39.32357],[-71.75777,-39.32439],[-71.7569,-39.32462],[-71.75636,-39.32435],[-71.75533,-39.32334],[-71.75463,-39.32221],[-71.75402,-39.3221],[-71.75313,-39.32234],[-71.75214,-39.32339],[-71.75214,-39.33333]]]},"properties":{"peligro":"Alto"}},{"type":"Feature","geometry":{"type":"Polygon","coordinates":[[[-71.75214,-39.33342],[-71.75214,-39.35537],[-71.75333,-39.3536],[-71.75431,-39.35142],[-71.75503,-39.34898],[-71.7555,-39.34827],[-71.7575,-39.34711],[-71.76219,-39.34573],[-71.7646,-39.34561],[-71.7678,-39.34671],[-71.77134,-39.34729],[-71.77218,-39.34797],[-71.77233,-39.34867],[-71.77205,-39.34969],[-71.77207,-39.35026],[-71.77238,-39.35083],[-71.77289,-39.35142],[-71.77449,-39.35249],[-71.77605,-39.35459],[-71.77877,-39.36018],[-71.77869,-39.36136],[-71.77785,-39.36398],[-71.77806,-39.36623],[-71.77994,-39.36917],[-71.78199,-39.37132],[-71.78284,-39.37209],[-71.78572,-39.37349],[-71.78611,-39.37398],[-71.78638,-39.3755],[-71.78515,-39.37865],[-71.78515,-39.38068],[-71.78551,-39.38163],[-71.78594,-39.38413],[-71.78581,-39.38594],[-71.785,-39.38831],[-71.78394,-39.3904],[-71.78335,-39.39112],[-71.78247,-39.39158],[-71.77912,-39.39274],[-71.77804,-39.3934],[-71.77726,-39.39438],[-71.77649,-39.39563],[-71.7757,-39.3974],[-71.77134,-39.40218],[-71.771,-39.40279],[-71.77084,-39.40413],[-71.76971,-39.40562],[-71.76888,-39.40738],[-71.76869,-39.40892],[-71.76873,-39.4093],[-71.76936,-39.41041],[-71.77038,-39.4117],[-71.77609,-39.41631],[-71.78105,-39.41932],[-71.78329,-39.42136],[-71.78467,-39.42346],[-71.78595,-39.42753],[-71.78749,-39.4308],[-71.78801,-39.43144],[-71.78868,-39.43377],[-71.78847,-39.43598],[-71.78718,-39.44018],[-71.78582,-39.44228],[-71.78531,-39.44416],[-71.78606,-39.44587],[-71.78654,-39.44633],[-71.78877,-39.44731],[-71.78828,-39.44561],[-71.78803,-39.44405],[-71.78813,-39.44342],[-71.78943,-39.44075],[-71.79034,-39.43946],[-71.7906,-39.43842],[-71.79109,-39.43747],[-71.79138,-39.43705],[-71.79223,-39.43676],[-71.79333,-39.43505],[-71.79364,-39.43369],[-71.79345,-39.43212],[-71.79229,-39.42962],[-71.79155,-39.42915],[-71.79077,-39.42747],[-71.78976,-39.4264],[-71.7886,-39.42344],[-71.78695,-39.4207],[-71.78716,-39.41948],[-71.78519,-39.41749],[-71.7832,-39.41625],[-71.78114,-39.41556],[-71.7791,-39.41588],[-71.77697,-39.41513],[-71.77604,-39.41446],[-71.77578,-39.41403],[-71.77562,-39.41316],[-71.7757,-39.41269],[-71.77642,-39.41183],[-71.77631,-39.41067],[-71.7758,-39.41004],[-71.77334,-39.40862],[-71.77311,-39.40815],[-71.77304,-39.40717],[-71.77381,-39.40496],[-71.7738,-39.40453],[-71.7734,-39.40383],[-71.77337,-39.40316],[-71.77363,-39.40254],[-71.77496,-39.4006],[-71.77719,-39.39797],[-71.77862,-39.39527],[-71.77978,-39.39426],[-71.7805,-39.39389],[-71.78389,-39.39264],[-71.78555,-39.39184],[-71.78622,-39.39096],[-71.78717,-39.38922],[-71.78757,-39.38774],[-71.78783,-39.38513],[-71.78781,-39.38377],[-71.78736,-39.38011],[-71.78772,-39.37846],[-71.78854,-39.37677],[-71.78877,-39.37481],[-71.78865,-39.37403],[-71.78828,-39.37316],[-71.78722,-39.37218],[-71.78638,-39.3718],[-71.7848,-39.37143],[-71.78401,-39.37083],[-71.7808,-39.3673],[-71.77955,-39.36524],[-71.77946,-39.36464],[-71.7796,-39.36419],[-71.78058,-39.36259],[-71.78108,-39.36117],[-71.78075,-39.35948],[-71.77879,-39.35629],[-71.77741,-39.35325],[-71.7766,-39.3521],[-71.7752,-39.3508],[-71.7749,-39.35017],[-71.7747,-39.3491],[-71.77479,-39.34812],[-71.77448,-39.34653],[-71.77424,-39.34584],[-71.77379,-39.34527],[-71.77218,-39.34473],[-71.76926,-39.34473],[-71.7653,-39.34399],[-71.76149,-39.34306],[-71.76013,-39.34218],[-71.75924,-39.34135],[-71.75785,-39.3395],[-71.75757,-39.33855],[-71.75756,-39.33676],[-71.75802,-39.33592],[-71.75872,-39.33511],[-71.76071,-39.33428],[-71.76228,-39.33342],[-71.75214,-39.33342]]]},"properties":{"peligro":"Alto"}},{"type":"Feature","geometry":{"type":"Polygon","coordinates":[[[-71.85992,-39.27804],[-71.86022,-39.27845],[-71.86066,-39.27869],[-71.86243,-39.27921],[-71.86408,-39.28001],[-71.86502,-39.28009],[-71.86571,-39.27991],[-71.86646,-39.27945],[-71.86571,-39.27979],[-71.86505,-39.27981],[-71.86118,-39.27786],[-71.85992,-39.27804]]]},"properties":{"peligro":"Alto"}},{"type":"Feature","geometry":{"type":"Polygon","coordinates":[[[-71.76551,-39.3228],[-71.76312,-39.32084],[-71.76355,-39.32221],[-71.76393,-39.32275],[-71.76521,-39.32291],[-71.76551,-39.3228]]]},"properties":{"peligro":"Alto"}}]}