{"type":"FeatureCollection","features":[{"type":"Feature","id":116,"geometry":{"type":"LineString","coordinates":[[-71.50022,-33.053871],[-71.50032,-33.053816],[-71.500571,-33.053665],[-71.500905,-33.053499],[-71.501135,-33.05337],[-71.501313,-33.05326],[-71.501534,-33.053138],[-71.502099,-33.052806],[-71.50224,-33.052741],[-71.502488,-33.052607],[-71.503206,-33.052198],[-71.503296,-33.052152],[-71.503459,-33.052092],[-71.503614,-33.051979],[-71.503792,-33.051884],[-71.503997,-33.051796],[-71.504133,-33.051754],[-71.5042,-33.051752],[-71.50431,-33.051775],[-71.504349,-33.05177],[-71.504389,-33.051731],[-71.504431,-33.051666],[-71.504473,-33.05162],[-71.504604,-33.051526],[-71.504694,-33.05148],[-71.504855,-33.051415],[-71.505189,-33.051253],[-71.505302,-33.051208],[-71.505399,-33.05118],[-71.505469,-33.051178],[-71.50553,-33.051201],[-71.505614,-33.05126],[-71.505662,-33.051303],[-71.505748,-33.051411],[-71.505799,-33.051462],[-71.505847,-33.051461],[-71.505893,-33.051417],[-71.505938,-33.051328],[-71.505976,-33.051195],[-71.506,-33.051074],[-71.506039,-33.050981],[-71.506099,-33.050902],[-71.506145,-33.050859],[-71.506225,-33.050802],[-71.506296,-33.050766],[-71.506355,-33.050747],[-71.506567,-33.050721],[-71.506616,-33.050697],[-71.506687,-33.050636],[-71.506769,-33.050583],[-71.50704,-33.050449],[-71.507365,-33.050324],[-71.507559,-33.050275],[-71.507605,-33.050245],[-71.507719,-33.050136],[-71.507858,-33.050051],[-71.508075,-33.049951],[-71.508645,-33.049707],[-71.508703,-33.049673],[-71.508859,-33.049563],[-71.509178,-33.049405],[-71.509256,-33.04938],[-71.509314,-33.049382],[-71.509352,-33.04943],[-71.509363,-33.049471],[-71.509364,-33.049534],[-71.509319,-33.04992],[-71.509319,-33.049983],[-71.509328,-33.050034],[-71.509357,-33.050093],[-71.509399,-33.050114],[-71.509429,-33.050107],[-71.50945,-33.050093],[-71.509503,-33.050028],[-71.509564,-33.049905],[-71.509617,-33.049823],[-71.5098,-33.049602],[-71.509878,-33.049547],[-71.510134,-33.049438],[-71.510214,-33.049385],[-71.51026,-33.049341],[-71.510382,-33.049194],[-71.510501,-33.049114],[-71.510538,-33.049079],[-71.510546,-33.049045],[-71.510544,-33.049021],[-71.510501,-33.048888],[-71.5105,-33.048843],[-71.510512,-33.048802],[-71.510557,-33.048736],[-71.510763,-33.048538],[-71.511009,-33.048401],[-71.511312,-33.048299],[-71.511424,-33.048282],[-71.511576,-33.048282],[-71.511949,-33.048287],[-71.512037,-33.048278],[-71.512108,-33.04826],[-71.512199,-33.048216],[-71.512328,-33.048135],[-71.512402,-33.048106],[-71.512481,-33.048087],[-71.512712,-33.048052],[-71.51284,-33.04804],[-71.513136,-33.048038],[-71.513299,-33.048054],[-71.513427,-33.048089],[-71.513485,-33.048123],[-71.513504,-33.048143],[-71.513592,-33.04833],[-71.513648,-33.048486],[-71.513676,-33.048527],[-71.513717,-33.048568],[-71.513813,-33.04865],[-71.51391,-33.048718],[-71.513986,-33.048746],[-71.514029,-33.048743],[-71.514054,-33.048722],[-71.514073,-33.048667],[-71.514081,-33.048606],[-71.514081,-33.04847],[-71.5141,-33.048391],[-71.514159,-33.048282],[-71.514229,-33.048175],[-71.514273,-33.048084],[-71.514288,-33.048009],[-71.514309,-33.047815],[-71.514329,-33.047736],[-71.514379,-33.047649],[-71.514501,-33.047501],[-71.514512,-33.047468],[-71.514514,-33.047402],[-71.514481,-33.047001],[-71.514488,-33.046869],[-71.514499,-33.046783],[-71.514517,-33.046728],[-71.514541,-33.046684],[-71.514583,-33.046635],[-71.514689,-33.046558],[-71.514745,-33.046531],[-71.514806,-33.046513],[-71.514975,-33.046492],[-71.515171,-33.046502],[-71.515221,-33.046496],[-71.515261,-33.046479],[-71.515355,-33.046362],[-71.515472,-33.046265],[-71.515536,-33.046235],[-71.515774,-33.046154],[-71.515844,-33.04611],[-71.515982,-33.045972],[-71.516059,-33.045925],[-71.516178,-33.045889],[-71.516321,-33.045889],[-71.516505,-33.045895],[-71.516681,-33.04591],[-71.516847,-33.045925],[-71.516936,-33.045925],[-71.517043,-33.045898],[-71.517076,-33.045884],[-71.517103,-33.045832],[-71.517103,-33.045744],[-71.517074,-33.045616],[-71.516997,-33.045422],[-71.516969,-33.045333],[-71.516965,-33.045246],[-71.516988,-33.045148],[-71.517011,-33.045097],[-71.51706,-33.045024],[-71.517244,-33.044836],[-71.517351,-33.044699],[-71.517466,-33.044607],[-71.51758,-33.044539],[-71.517602,-33.044518],[-71.517787,-33.044478],[-71.51783,-33.044456],[-71.517924,-33.04438],[-71.517983,-33.044357],[-71.518055,-33.044343],[-71.518152,-33.044337],[-71.518231,-33.044341],[-71.518504,-33.044385],[-71.518588,-33.04439],[-71.518687,-33.044385],[-71.518983,-33.044326],[-71.51911,-33.044311],[-71.519179,-33.044313],[-71.519312,-33.044345],[-71.519376,-33.044349],[-71.519412,-33.044343],[-71.519537,-33.044292],[-71.519654,-33.044271],[-71.519707,-33.044251],[-71.519722,-33.044204],[-71.519688,-33.044129],[-71.51961,-33.044024],[-71.519475,-33.043885],[-71.519449,-33.043844],[-71.519438,-33.043804],[-71.519423,-33.043683],[-71.519426,-33.043618],[-71.519446,-33.043384],[-71.519455,-33.043342],[-71.51948,-33.043284],[-71.519555,-33.043182],[-71.519603,-33.043138],[-71.519654,-33.043103],[-71.519833,-33.043011],[-71.520031,-33.042939],[-71.520121,-33.042893],[-71.520157,-33.042855],[-71.520177,-33.042815],[-71.520234,-33.042626],[-71.520257,-33.042576],[-71.520319,-33.04249],[-71.520407,-33.042411],[-71.520462,-33.042376],[-71.520663,-33.042276],[-71.52074,-33.042254],[-71.520924,-33.042223],[-71.520993,-33.042188],[-71.521035,-33.04214],[-71.521068,-33.042079],[-71.521122,-33.041867],[-71.521158,-33.041823],[-71.521195,-33.041809],[-71.521315,-33.041784],[-71.521547,-33.041705],[-71.52173,-33.041666],[-71.521819,-33.041664],[-71.521884,-33.041681],[-71.521974,-33.041727],[-71.522066,-33.041791],[-71.522262,-33.041954],[-71.522404,-33.042041],[-71.522534,-33.042105],[-71.522594,-33.042127],[-71.52264,-33.04213],[-71.522676,-33.042115],[-71.522701,-33.042093],[-71.522738,-33.042039],[-71.522796,-33.041923],[-71.522831,-33.041819],[-71.522889,-33.041588],[-71.522951,-33.041438],[-71.522959,-33.041373],[-71.522943,-33.041254],[-71.522941,-33.041186],[-71.522976,-33.040976],[-71.523034,-33.040803],[-71.523128,-33.040626],[-71.523168,-33.040578],[-71.523389,-33.040391],[-71.52344,-33.040356],[-71.523478,-33.040341],[-71.523518,-33.040335],[-71.523564,-33.040338],[-71.523728,-33.040391],[-71.523806,-33.040408],[-71.52405,-33.040408],[-71.524176,-33.04038],[-71.524343,-33.040314],[-71.524511,-33.040283],[-71.524601,-33.040237],[-71.524724,-33.040106],[-71.524811,-33.039931],[-71.524906,-33.03983],[-71.525008,-33.039779],[-71.525106,-33.039761],[-71.525207,-33.039773],[-71.525361,-33.039818],[-71.525596,-33.039871],[-71.525805,-33.039886],[-71.526078,-33.039839],[-71.526435,-33.039726],[-71.526715,-33.039604],[-71.526977,-33.039482],[-71.527101,-33.039398],[-71.52714,-33.039336],[-71.527173,-33.039223],[-71.527161,-33.039],[-71.527069,-33.038756],[-71.526902,-33.038476],[-71.526777,-33.038206],[-71.526718,-33.038039],[-71.526649,-33.037831],[-71.526632,-33.037706],[-71.526608,-33.037534],[-71.526623,-33.037325],[-71.526649,-33.037162],[-71.526706,-33.037019],[-71.526801,-33.036873],[-71.526982,-33.036683],[-71.527101,-33.036623],[-71.527238,-33.036588],[-71.527441,-33.036579],[-71.527565,-33.036612],[-71.527737,-33.036717],[-71.527765,-33.036733],[-71.527985,-33.036927],[-71.528145,-33.037138],[-71.528592,-33.038179],[-71.528836,-33.038566],[-71.529014,-33.03867],[-71.529183,-33.038705],[-71.529368,-33.038691],[-71.529433,-33.038619],[-71.529526,-33.038533],[-71.529645,-33.038468],[-71.529778,-33.038441],[-71.529885,-33.038426],[-71.529936,-33.038399],[-71.529978,-33.03834],[-71.529995,-33.038253],[-71.529995,-33.038087],[-71.529908,-33.037624],[-71.529885,-33.037486],[-71.529885,-33.03737],[-71.529909,-33.037293],[-71.529953,-33.037227],[-71.530098,-33.037093],[-71.5302,-33.037025],[-71.530365,-33.036959],[-71.530595,-33.036906],[-71.530744,-33.036894],[-71.530885,-33.036875],[-71.531006,-33.036835],[-71.531051,-33.036787],[-71.531078,-33.036713],[-71.531089,-33.036644],[-71.531099,-33.036559],[-71.531113,-33.036437],[-71.531135,-33.03633],[-71.531177,-33.036206],[-71.531227,-33.036116],[-71.531277,-33.036059],[-71.531346,-33.036026],[-71.531484,-33.035992],[-71.531638,-33.035937],[-71.531725,-33.035931],[-71.531798,-33.03595],[-71.531845,-33.035973],[-71.532158,-33.036256],[-71.532222,-33.036278],[-71.532286,-33.036271],[-71.532358,-33.036233],[-71.532366,-33.036222],[-71.532396,-33.03618],[-71.532402,-33.036163],[-71.532411,-33.036141],[-71.532429,-33.036095],[-71.532448,-33.03599],[-71.532455,-33.035895],[-71.53245,-33.035769],[-71.532446,-33.035533],[-71.532465,-33.035276],[-71.532498,-33.035145],[-71.532572,-33.034979],[-71.532677,-33.034831],[-71.532784,-33.034695],[-71.532931,-33.03455],[-71.533031,-33.034477],[-71.533174,-33.034427],[-71.533293,-33.034403],[-71.533495,-33.034405],[-71.533674,-33.034419],[-71.533816,-33.034443],[-71.533957,-33.034491],[-71.534076,-33.03456],[-71.534166,-33.034631],[-71.53429,-33.03476],[-71.534409,-33.034917],[-71.534616,-33.035124],[-71.534794,-33.03524],[-71.534995,-33.035329],[-71.535058,-33.035344],[-71.535207,-33.035323],[-71.53527,-33.035324],[-71.535377,-33.03535],[-71.535491,-33.035396],[-71.535576,-33.035446],[-71.535646,-33.035504],[-71.535689,-33.035558],[-71.535764,-33.03569],[-71.535794,-33.035729],[-71.535942,-33.035872],[-71.536031,-33.035928],[-71.536034,-33.035929],[-71.536077,-33.035943],[-71.536121,-33.035939],[-71.536168,-33.035915],[-71.536211,-33.035847],[-71.536216,-33.035775],[-71.536166,-33.035644],[-71.536161,-33.035516],[-71.536128,-33.035367],[-71.536108,-33.035197],[-71.536063,-33.034997],[-71.536034,-33.034939],[-71.535982,-33.034865],[-71.535955,-33.034804],[-71.5359,-33.034425],[-71.535813,-33.034155],[-71.535747,-33.033982],[-71.535735,-33.033862],[-71.535753,-33.033738],[-71.535793,-33.033647],[-71.535853,-33.0336],[-71.535947,-33.033564],[-71.536031,-33.033546],[-71.536192,-33.033554],[-71.536311,-33.033532],[-71.53635,-33.033517],[-71.536442,-33.033441],[-71.536523,-33.033387],[-71.536546,-33.033345],[-71.536558,-33.033304],[-71.536566,-33.033243],[-71.536569,-33.033116],[-71.536582,-33.033072],[-71.536604,-33.033033],[-71.536664,-33.032971],[-71.536784,-33.032902],[-71.536856,-33.032862],[-71.536921,-33.032808],[-71.536957,-33.032761],[-71.536979,-33.032718],[-71.536988,-33.032687],[-71.53699,-33.032642],[-71.536986,-33.032624],[-71.536956,-33.032582],[-71.536885,-33.032542],[-71.536831,-33.032531],[-71.536706,-33.032535],[-71.53665,-33.032529],[-71.536436,-33.032446],[-71.536349,-33.032427],[-71.536193,-33.03243],[-71.535849,-33.032489],[-71.53576,-33.032491],[-71.535695,-33.032443],[-71.535631,-33.032356],[-71.535548,-33.03219],[-71.535533,-33.032123],[-71.535543,-33.03208],[-71.535598,-33.031993],[-71.535634,-33.031957],[-71.535738,-33.031881],[-71.535802,-33.031823],[-71.535851,-33.031769],[-71.535876,-33.031725],[-71.535897,-33.031667],[-71.535928,-33.031529],[-71.535978,-33.031308],[-71.53602,-33.031215],[-71.536142,-33.03107],[-71.536294,-33.030918],[-71.536432,-33.030796],[-71.53658,-33.030692],[-71.536689,-33.030642],[-71.536801,-33.03062],[-71.536929,-33.03063],[-71.537096,-33.030651],[-71.53726,-33.030694],[-71.537515,-33.030754],[-71.53771,-33.030761],[-71.537853,-33.030749],[-71.537986,-33.030718],[-71.538136,-33.030673],[-71.538448,-33.030577],[-71.538823,-33.030444],[-71.539133,-33.030344],[-71.539606,-33.030242],[-71.539956,-33.030182],[-71.540163,-33.030182],[-71.5405,-33.030209],[-71.540625,-33.030237],[-71.540665,-33.030262],[-71.540717,-33.030338],[-71.540744,-33.030391],[-71.540749,-33.030448],[-71.540749,-33.030519],[-71.54075,-33.030595],[-71.540761,-33.030648],[-71.540796,-33.030706],[-71.540851,-33.030743],[-71.540927,-33.030746],[-71.541073,-33.030729],[-71.541317,-33.03069],[-71.541482,-33.030672],[-71.541574,-33.030693],[-71.541729,-33.030756],[-71.541792,-33.0308],[-71.541899,-33.030883],[-71.541966,-33.03097],[-71.542038,-33.031093],[-71.542086,-33.031179],[-71.542115,-33.031236],[-71.542151,-33.031312],[-71.542167,-33.031381],[-71.542172,-33.031431],[-71.542162,-33.031495],[-71.542136,-33.03154],[-71.542093,-33.03159],[-71.542024,-33.03165],[-71.541953,-33.031709],[-71.541905,-33.031747],[-71.541867,-33.03179],[-71.541851,-33.031823],[-71.541848,-33.031878],[-71.54187,-33.031904],[-71.541903,-33.031931],[-71.541984,-33.03199],[-71.542043,-33.032059],[-71.542086,-33.032138],[-71.542122,-33.032235],[-71.542127,-33.032302],[-71.542132,-33.032378],[-71.542139,-33.032437],[-71.542153,-33.032485],[-71.542177,-33.032516],[-71.542217,-33.032523],[-71.542298,-33.032506],[-71.542724,-33.032159],[-71.542936,-33.032057],[-71.543093,-33.03195],[-71.543193,-33.031902],[-71.5433,-33.031878],[-71.543378,-33.031873],[-71.543433,-33.031873],[-71.543495,-33.031888],[-71.543564,-33.031938],[-71.543597,-33.031983],[-71.543633,-33.032092],[-71.543638,-33.032178],[-71.54365,-33.03229],[-71.543669,-33.032418],[-71.543683,-33.032468],[-71.543704,-33.03249],[-71.543739,-33.032498],[-71.543781,-33.032497],[-71.543821,-33.032482],[-71.543906,-33.032448],[-71.544042,-33.032376],[-71.544194,-33.032262],[-71.544265,-33.032205],[-71.54433,-33.032157],[-71.544434,-33.032112],[-71.544515,-33.032062],[-71.54457,-33.032014],[-71.544627,-33.031941],[-71.544701,-33.031833],[-71.544753,-33.031779],[-71.544808,-33.031745],[-71.54487,-33.031724],[-71.544953,-33.031717],[-71.54507,-33.031719],[-71.54515,-33.031736],[-71.545417,-33.031824],[-71.545802,-33.031974],[-71.54595,-33.032],[-71.546083,-33.032019],[-71.546124,-33.032007],[-71.54615,-33.031979],[-71.546155,-33.031929],[-71.546109,-33.031824],[-71.546024,-33.031698],[-71.54595,-33.031593],[-71.545864,-33.031517],[-71.545762,-33.031462],[-71.54561,-33.031417],[-71.545481,-33.031362],[-71.545381,-33.03131],[-71.545279,-33.031248],[-71.545203,-33.031179],[-71.54515,-33.03112],[-71.545124,-33.031046],[-71.545105,-33.030974],[-71.545105,-33.030903],[-71.545129,-33.030801],[-71.545177,-33.030689],[-71.545224,-33.030556],[-71.545241,-33.030468],[-71.545222,-33.030406],[-71.545184,-33.030358],[-71.545112,-33.030346],[-71.545012,-33.030356],[-71.544896,-33.030401],[-71.544744,-33.030434],[-71.544739,-33.030435],[-71.544644,-33.030444],[-71.544534,-33.03043],[-71.544422,-33.030375],[-71.544387,-33.030323],[-71.544368,-33.030261],[-71.544365,-33.030185],[-71.544368,-33.030113],[-71.544382,-33.030054],[-71.544382,-33.029994],[-71.544382,-33.029911],[-71.544382,-33.029835],[-71.544391,-33.02977],[-71.544427,-33.029704],[-71.544477,-33.029661],[-71.544681,-33.029536],[-71.544748,-33.029491],[-71.544769,-33.029468],[-71.544793,-33.029425],[-71.544794,-33.029379],[-71.544777,-33.029337],[-71.544681,-33.029245],[-71.544632,-33.029189],[-71.54454,-33.029057],[-71.544504,-33.02899],[-71.5445,-33.028928],[-71.544515,-33.028883],[-71.544547,-33.028841],[-71.54459,-33.028812],[-71.544664,-33.028782],[-71.544766,-33.028756],[-71.544889,-33.028735],[-71.545082,-33.028713],[-71.54518,-33.02869],[-71.545566,-33.028558],[-71.545637,-33.028522],[-71.545763,-33.028435],[-71.545846,-33.0284],[-71.545861,-33.028394],[-71.545948,-33.028379],[-71.546124,-33.028367],[-71.546217,-33.028379],[-71.54626,-33.028397],[-71.546301,-33.028425],[-71.546485,-33.028581],[-71.546574,-33.028615],[-71.546661,-33.028632],[-71.546706,-33.028631],[-71.546904,-33.028633],[-71.547014,-33.028638],[-71.547064,-33.028646],[-71.547184,-33.028692],[-71.547254,-33.02873],[-71.547284,-33.028744],[-71.547354,-33.028764],[-71.54744,-33.028762],[-71.547549,-33.028759],[-71.547716,-33.028759],[-71.547915,-33.028802],[-71.548049,-33.028857],[-71.548195,-33.028938],[-71.548287,-33.028956],[-71.548466,-33.028951],[-71.548561,-33.028962],[-71.548782,-33.029028],[-71.548839,-33.029069],[-71.548864,-33.029114],[-71.548873,-33.029154],[-71.548868,-33.029207],[-71.548845,-33.029267],[-71.548795,-33.029351],[-71.548506,-33.029735],[-71.548463,-33.029826],[-71.548459,-33.029879],[-71.548473,-33.029897],[-71.548511,-33.029922],[-71.548559,-33.029923],[-71.548797,-33.029887],[-71.548922,-33.029876],[-71.548973,-33.029882],[-71.549004,-33.029897],[-71.549034,-33.029922],[-71.549058,-33.029965],[-71.549114,-33.030211],[-71.549177,-33.030376],[-71.549229,-33.030553],[-71.549255,-33.030595],[-71.549305,-33.03064],[-71.549548,-33.030786],[-71.549637,-33.030825],[-71.549763,-33.030865],[-71.549807,-33.030906],[-71.549825,-33.030953],[-71.549845,-33.031119],[-71.549862,-33.03131],[-71.549862,-33.031389],[-71.54984,-33.031458],[-71.549776,-33.031538],[-71.549688,-33.031619],[-71.549519,-33.031722],[-71.54941,-33.031812],[-71.549338,-33.03191],[-71.549291,-33.032],[-71.54926,-33.032114],[-71.549255,-33.032238],[-71.549274,-33.032359],[-71.5493,-33.032395],[-71.549338,-33.0324],[-71.549395,-33.032369],[-71.549617,-33.032193],[-71.550231,-33.031864],[-71.550283,-33.031829],[-71.55034,-33.031749],[-71.550454,-33.03164],[-71.55049,-33.031583],[-71.550515,-33.031521],[-71.550529,-33.031458],[-71.550529,-33.031413],[-71.550484,-33.031259],[-71.550484,-33.031213],[-71.550494,-33.031184],[-71.550535,-33.031145],[-71.550663,-33.031051],[-71.550767,-33.030961],[-71.550811,-33.030915],[-71.550837,-33.03087],[-71.550862,-33.030772],[-71.550869,-33.030639],[-71.550854,-33.03053],[-71.550813,-33.030429],[-71.550772,-33.030377],[-71.550723,-33.030338],[-71.550497,-33.030199],[-71.550446,-33.030133],[-71.550429,-33.030081],[-71.550429,-33.029788],[-71.550439,-33.029701],[-71.550457,-33.029647],[-71.550553,-33.029489],[-71.550564,-33.029447],[-71.550591,-33.029349],[-71.550608,-33.029314],[-71.550626,-33.029288],[-71.55067,-33.029254],[-71.550821,-33.029166],[-71.551228,-33.028897],[-71.551329,-33.028821],[-71.551995,-33.028256],[-71.552098,-33.028174],[-71.552204,-33.028145],[-71.552275,-33.028157],[-71.552318,-33.028195],[-71.552357,-33.028271],[-71.552366,-33.028337],[-71.552362,-33.028444],[-71.55233,-33.028532],[-71.552242,-33.028642],[-71.552241,-33.028643],[-71.552054,-33.028824],[-71.552011,-33.028869],[-71.551795,-33.029103],[-71.551624,-33.029373],[-71.551548,-33.029514],[-71.551519,-33.029628],[-71.551519,-33.029756],[-71.55161,-33.029948],[-71.55169,-33.030018],[-71.551892,-33.030125],[-71.552016,-33.030191],[-71.552121,-33.030202],[-71.55222,-33.030192],[-71.552318,-33.030192],[-71.55238,-33.030202],[-71.552436,-33.030236],[-71.552455,-33.03027],[-71.55246,-33.030364],[-71.552432,-33.030463],[-71.552396,-33.030594],[-71.552361,-33.030699],[-71.552346,-33.030803],[-71.552346,-33.030893],[-71.552375,-33.030996],[-71.552409,-33.031091],[-71.552407,-33.031194],[-71.552375,-33.031287],[-71.552287,-33.031428],[-71.552226,-33.031544],[-71.552165,-33.031664],[-71.55211,-33.031793],[-71.552114,-33.031938],[-71.552139,-33.03202],[-71.552203,-33.032098],[-71.552239,-33.032113],[-71.552337,-33.032119],[-71.552443,-33.032098],[-71.552586,-33.032079],[-71.552693,-33.032073],[-71.552839,-33.032058],[-71.552946,-33.032037],[-71.553022,-33.032007],[-71.553077,-33.031963],[-71.553102,-33.0319],[-71.553096,-33.031814],[-71.553043,-33.031691],[-71.552949,-33.031557],[-71.552852,-33.031371],[-71.55279,-33.031194],[-71.552795,-33.031057],[-71.552814,-33.030956],[-71.552854,-33.030872],[-71.553149,-33.030524],[-71.553222,-33.030413],[-71.553264,-33.030288],[-71.553275,-33.030183],[-71.553267,-33.030071],[-71.553262,-33.029797],[-71.553267,-33.029678],[-71.553288,-33.029576],[-71.553311,-33.029501],[-71.553363,-33.029423],[-71.553439,-33.029368],[-71.553487,-33.029339],[-71.553778,-33.029229],[-71.553993,-33.029187],[-71.554101,-33.029187],[-71.5542,-33.029208],[-71.554301,-33.029261],[-71.554408,-33.029345],[-71.554514,-33.02944],[-71.554596,-33.029533],[-71.554687,-33.029592],[-71.554758,-33.029625],[-71.554804,-33.029615],[-71.554876,-33.029562],[-71.554918,-33.02949],[-71.55496,-33.029415],[-71.555002,-33.029318],[-71.55504,-33.029174],[-71.555049,-33.029035],[-71.555062,-33.028892],[-71.555102,-33.028745],[-71.55516,-33.028591],[-71.555219,-33.028416],[-71.555327,-33.028207],[-71.555377,-33.028073],[-71.555512,-33.027872],[-71.555615,-33.027743],[-71.555737,-33.027647],[-71.555937,-33.027557],[-71.556238,-33.02742],[-71.556256,-33.027412],[-71.556836,-33.027161],[-71.557043,-33.027061],[-71.557297,-33.026958],[-71.557593,-33.026883],[-71.557875,-33.026847],[-71.558057,-33.026847],[-71.55825,-33.026879],[-71.558357,-33.026915],[-71.558464,-33.026986],[-71.558514,-33.027043],[-71.558528,-33.027097],[-71.558528,-33.027222],[-71.558332,-33.028118],[-71.55832,-33.028169],[-71.558308,-33.028276],[-71.55832,-33.028347],[-71.558335,-33.028372],[-71.558355,-33.028389],[-71.558387,-33.028396],[-71.558424,-33.028373],[-71.558603,-33.028184],[-71.558746,-33.028051],[-71.558862,-33.02798],[-71.558967,-33.027949],[-71.559081,-33.027946],[-71.559226,-33.027958],[-71.559407,-33.027982],[-71.559514,-33.027989],[-71.559583,-33.027989],[-71.559612,-33.02797],[-71.559631,-33.027942],[-71.559631,-33.02794],[-71.559621,-33.027873],[-71.559588,-33.02782],[-71.559526,-33.027747],[-71.559476,-33.027685],[-71.559467,-33.027666],[-71.559441,-33.02761],[-71.559421,-33.027569],[-71.559417,-33.027516],[-71.559424,-33.027433],[-71.559448,-33.027337],[-71.559495,-33.027254],[-71.559619,-33.027128],[-71.559804,-33.026959],[-71.559945,-33.026864],[-71.560123,-33.026821],[-71.560311,-33.026792],[-71.560533,-33.026792],[-71.560666,-33.026819],[-71.560737,-33.026838],[-71.560809,-33.026888],[-71.560861,-33.02698],[-71.56089,-33.027068],[-71.560939,-33.027297],[-71.560978,-33.027607],[-71.560985,-33.027674],[-71.560999,-33.027726],[-71.561033,-33.027804],[-71.561082,-33.027874],[-71.561128,-33.027911],[-71.561178,-33.027931],[-71.561225,-33.027937],[-71.561553,-33.027956],[-71.562029,-33.027956],[-71.562391,-33.027925],[-71.562579,-33.027927],[-71.562696,-33.027944],[-71.562767,-33.02797],[-71.562822,-33.02798],[-71.56286,-33.02797],[-71.562891,-33.027935],[-71.562917,-33.02788],[-71.562922,-33.027789],[-71.562922,-33.027739],[-71.562922,-33.027592],[-71.562943,-33.027368],[-71.562983,-33.027166],[-71.56305,-33.026988],[-71.56311,-33.026895],[-71.563193,-33.026783],[-71.563278,-33.026669],[-71.56334,-33.026554],[-71.563371,-33.026452],[-71.563409,-33.026317],[-71.563426,-33.026071],[-71.563424,-33.025886],[-71.56344,-33.025726],[-71.563516,-33.025472],[-71.563614,-33.025243],[-71.563643,-33.025177],[-71.563728,-33.025039],[-71.563828,-33.02491],[-71.56399,-33.024796],[-71.564097,-33.024746],[-71.564247,-33.024689],[-71.564509,-33.024637],[-71.56479,-33.024612],[-71.565368,-33.024599],[-71.565606,-33.02462],[-71.565697,-33.024636],[-71.565701,-33.024637],[-71.565765,-33.024653],[-71.565796,-33.024682],[-71.565801,-33.024718],[-71.565789,-33.024791],[-71.565744,-33.024877],[-71.565653,-33.024986],[-71.56552,-33.025141],[-71.565365,-33.025279],[-71.565237,-33.025362],[-71.565101,-33.025453],[-71.564996,-33.025527],[-71.564875,-33.025581],[-71.564773,-33.025598],[-71.564678,-33.025581],[-71.564601,-33.025579],[-71.564559,-33.025593],[-71.564532,-33.025627],[-71.56453,-33.025676],[-71.564556,-33.025738],[-71.564621,-33.025836],[-71.56469,-33.025943],[-71.564737,-33.026076],[-71.564775,-33.026267],[-71.564782,-33.026447],[-71.564786,-33.026493],[-71.564802,-33.02654],[-71.56482,-33.026555],[-71.564863,-33.026559],[-71.564959,-33.026544],[-71.565129,-33.0265],[-71.56522,-33.026505],[-71.565317,-33.026537],[-71.565497,-33.02664],[-71.565577,-33.026675],[-71.565653,-33.026694],[-71.565675,-33.026692],[-71.565688,-33.026688],[-71.565697,-33.026655],[-71.565679,-33.026588],[-71.565658,-33.026462],[-71.56566,-33.02639],[-71.565689,-33.026288],[-71.565746,-33.026152],[-71.565996,-33.025825],[-71.566035,-33.025774],[-71.566124,-33.025636],[-71.566142,-33.025593],[-71.566157,-33.025533],[-71.566286,-33.025274],[-71.566443,-33.025044],[-71.566682,-33.024754],[-71.566839,-33.024596],[-71.567069,-33.02442],[-71.56714,-33.0244],[-71.567347,-33.024403],[-71.567389,-33.024421],[-71.567411,-33.024447],[-71.567435,-33.024488],[-71.567443,-33.024529],[-71.567408,-33.024761],[-71.567341,-33.024959],[-71.567338,-33.025017],[-71.567347,-33.025055],[-71.567391,-33.025123],[-71.567439,-33.025165],[-71.567493,-33.025201],[-71.567575,-33.025234],[-71.567617,-33.025237],[-71.567663,-33.025224],[-71.56771,-33.025196],[-71.567732,-33.025172],[-71.567795,-33.025056],[-71.567965,-33.024834],[-71.568087,-33.02465],[-71.568102,-33.024592],[-71.568076,-33.024421],[-71.568086,-33.02438],[-71.568124,-33.024288],[-71.568161,-33.024249],[-71.568187,-33.024236],[-71.568269,-33.024224],[-71.568423,-33.024249],[-71.568638,-33.024327],[-71.56871,-33.024341],[-71.568919,-33.024383],[-71.56899,-33.024403],[-71.569131,-33.024468],[-71.569321,-33.024573],[-71.569325,-33.024575],[-71.569328,-33.024576],[-71.569687,-33.024699],[-71.569959,-33.024813],[-71.570229,-33.024951],[-71.570453,-33.025052],[-71.570516,-33.025105],[-71.570626,-33.02523],[-71.570674,-33.025274],[-71.570949,-33.025464],[-71.571011,-33.025474],[-71.571246,-33.025446],[-71.571313,-33.025447],[-71.571373,-33.025463],[-71.571515,-33.025533],[-71.571582,-33.02555],[-71.572062,-33.025589],[-71.572392,-33.02564],[-71.572558,-33.025679],[-71.572636,-33.025706],[-71.572841,-33.025795],[-71.572978,-33.025872],[-71.573117,-33.025967],[-71.573291,-33.026116],[-71.573356,-33.026187],[-71.573448,-33.026318],[-71.573516,-33.026387],[-71.573817,-33.026618],[-71.573855,-33.026668],[-71.57387,-33.026719],[-71.573874,-33.02678],[-71.573867,-33.026856],[-71.57384,-33.02693],[-71.573789,-33.027024],[-71.573695,-33.027144],[-71.573579,-33.027277],[-71.573522,-33.027374],[-71.57349,-33.027443],[-71.573484,-33.027502],[-71.573495,-33.027543],[-71.573556,-33.027627],[-71.573642,-33.027713],[-71.573794,-33.027821],[-71.57396,-33.027886],[-71.574004,-33.027907],[-71.574051,-33.027916],[-71.574097,-33.027911],[-71.57419,-33.027873],[-71.574358,-33.027838],[-71.574451,-33.027837],[-71.574529,-33.027856],[-71.574611,-33.027894],[-71.574666,-33.027922],[-71.574712,-33.027979],[-71.574742,-33.02805],[-71.574748,-33.028105],[-71.574738,-33.028172],[-71.574706,-33.028236],[-71.574636,-33.028324],[-71.574586,-33.028389],[-71.57455,-33.028453],[-71.574552,-33.02852],[-71.574582,-33.028573],[-71.574617,-33.028585],[-71.574662,-33.028585],[-71.574738,-33.028556],[-71.574856,-33.028514],[-71.57529,-33.028352],[-71.575584,-33.028291],[-71.575646,-33.028278],[-71.575751,-33.028255],[-71.575974,-33.028232],[-71.576214,-33.028248],[-71.576347,-33.028284],[-71.576435,-33.028331],[-71.57652,-33.028408],[-71.576585,-33.028499],[-71.576634,-33.02859],[-71.576658,-33.028764],[-71.576656,-33.028856],[-71.576639,-33.028973],[-71.576623,-33.029059],[-71.576592,-33.029149],[-71.576549,-33.029235],[-71.576501,-33.029306],[-71.576456,-33.029385],[-71.576447,-33.029442],[-71.576449,-33.029504],[-71.576489,-33.029607],[-71.57662,-33.029785],[-71.576626,-33.029792],[-71.576666,-33.029799],[-71.576684,-33.029797],[-71.576707,-33.029773],[-71.576832,-33.029577],[-71.577025,-33.029373],[-71.577247,-33.029167],[-71.577633,-33.028842],[-71.577738,-33.028771],[-71.578136,-33.028499],[-71.5786,-33.028214],[-71.578784,-33.028133],[-71.579516,-33.027938],[-71.579949,-33.027833],[-71.580335,-33.027764],[-71.580585,-33.0277],[-71.580773,-33.027607],[-71.580903,-33.027497],[-71.581013,-33.027402],[-71.581156,-33.027278],[-71.581313,-33.027171],[-71.581494,-33.027031],[-71.581641,-33.026941],[-71.581784,-33.026862],[-71.581919,-33.026755],[-71.582065,-33.026645],[-71.582184,-33.026562],[-71.582272,-33.026526],[-71.582369,-33.026515],[-71.582464,-33.026515],[-71.582519,-33.026529],[-71.582615,-33.026574],[-71.582634,-33.026591],[-71.58266,-33.026604],[-71.582705,-33.026604],[-71.582888,-33.026517],[-71.583099,-33.026396],[-71.583155,-33.026371],[-71.583529,-33.026271],[-71.583594,-33.026261],[-71.58364,-33.026263],[-71.583699,-33.026275],[-71.58379,-33.026311],[-71.583893,-33.026374],[-71.583969,-33.02641],[-71.584152,-33.026447],[-71.584512,-33.026581],[-71.58462,-33.026634],[-71.584731,-33.026711],[-71.585098,-33.027014],[-71.585189,-33.027101],[-71.58523,-33.027153],[-71.585322,-33.027309],[-71.585492,-33.02767],[-71.585529,-33.027761],[-71.585542,-33.027837],[-71.585521,-33.027893],[-71.585409,-33.027995],[-71.585366,-33.028046],[-71.585329,-33.028115],[-71.585312,-33.028169],[-71.585285,-33.028295],[-71.58528,-33.028356],[-71.585289,-33.028431],[-71.585337,-33.028589],[-71.585334,-33.028633],[-71.585322,-33.02866],[-71.58527,-33.0287],[-71.58519,-33.028739],[-71.584914,-33.028839],[-71.584859,-33.028874],[-71.584836,-33.028898],[-71.584807,-33.028955],[-71.584747,-33.029152],[-71.584671,-33.029472],[-71.584643,-33.029557],[-71.584608,-33.029615],[-71.584424,-33.029835],[-71.584389,-33.029895],[-71.584379,-33.029933],[-71.584385,-33.029962],[-71.584428,-33.030194],[-71.584428,-33.030303],[-71.584428,-33.030405],[-71.58444,-33.03046],[-71.584464,-33.030494],[-71.584483,-33.030503],[-71.584528,-33.030501],[-71.584542,-33.03049],[-71.584568,-33.03047],[-71.584586,-33.030446]]},"properties":{"OBJECTID":116,"fuente":"Cota 30","tipo":"Límite de área de evacuación","cine_prov":"051","cine_com":"05109","nom_com":"Viña del Mar","nom_prov":"Valparaíso","nom_reg":"Valparaíso","cine_reg":"05","Shape__Length":0.1603935450741225}},{"type":"Feature","id":117,"geometry":{"type":"LineString","coordinates":[[-71.491261,-32.930191],[-71.491512,-32.930181],[-71.491861,-32.930202],[-71.491964,-32.930182],[-71.492011,-32.930183],[-71.492063,-32.930216],[-71.492166,-32.930397],[-71.492202,-32.930448],[-71.492249,-32.930489],[-71.492327,-32.930532],[-71.492442,-32.930554],[-71.492487,-32.930554],[-71.49252,-32.930542],[-71.492596,-32.930483],[-71.492645,-32.930469],[-71.492894,-32.930423],[-71.49305,-32.930418],[-71.493139,-32.930444],[-71.493456,-32.930673],[-71.493503,-32.930698],[-71.493544,-32.93071],[-71.493575,-32.930702],[-71.493604,-32.93068],[-71.493637,-32.930623],[-71.493643,-32.93059],[-71.493666,-32.930374],[-71.493671,-32.930322],[-71.49369,-32.930273],[-71.493739,-32.930233],[-71.493802,-32.930228],[-71.493943,-32.930232],[-71.49403,-32.930242],[-71.494133,-32.930275],[-71.494297,-32.930344],[-71.494548,-32.930445],[-71.494699,-32.930501],[-71.494849,-32.930573],[-71.494971,-32.930662],[-71.495072,-32.930749],[-71.495119,-32.930783],[-71.495179,-32.930806],[-71.495214,-32.930803],[-71.495256,-32.930778],[-71.495318,-32.930708],[-71.495344,-32.930662],[-71.495394,-32.930534],[-71.495452,-32.930437],[-71.495463,-32.930396],[-71.495505,-32.930335],[-71.495554,-32.930315],[-71.49562,-32.930305],[-71.495704,-32.930317],[-71.49581,-32.930351],[-71.495927,-32.930427],[-71.495974,-32.930467],[-71.496021,-32.930495],[-71.496154,-32.930546],[-71.496384,-32.930616],[-71.496643,-32.930707],[-71.497085,-32.930828],[-71.497239,-32.930891],[-71.497311,-32.930933],[-71.497378,-32.930994],[-71.49751,-32.931182],[-71.497601,-32.931296],[-71.497632,-32.93137],[-71.49763,-32.931433],[-71.49756,-32.931621],[-71.497493,-32.931839],[-71.497398,-32.93204],[-71.497357,-32.932154],[-71.497326,-32.932294],[-71.497307,-32.932423],[-71.497307,-32.93247],[-71.497317,-32.932514],[-71.49733,-32.93253],[-71.497374,-32.932539],[-71.497418,-32.932534],[-71.497507,-32.932512],[-71.49761,-32.932475],[-71.497701,-32.932432],[-71.498251,-32.932127],[-71.498492,-32.932011],[-71.498638,-32.931954],[-71.498724,-32.931944],[-71.498773,-32.931956],[-71.49882,-32.931985],[-71.498845,-32.932012],[-71.49887,-32.932059],[-71.498882,-32.932151],[-71.498857,-32.932384],[-71.498834,-32.932466],[-71.498809,-32.932506],[-71.498772,-32.93254],[-71.498722,-32.932569],[-71.498367,-32.932721],[-71.498232,-32.932767],[-71.498109,-32.932791],[-71.498044,-32.932791],[-71.497713,-32.932762],[-71.497436,-32.932753],[-71.497348,-32.932757],[-71.497279,-32.932791],[-71.497222,-32.932854],[-71.497141,-32.933012],[-71.497032,-32.933187],[-71.497004,-32.933263],[-71.496957,-32.933442],[-71.496862,-32.933641],[-71.496808,-32.933774],[-71.496801,-32.933817],[-71.496815,-32.933861],[-71.496831,-32.933872],[-71.496917,-32.933872],[-71.497102,-32.933836],[-71.49725,-32.933822],[-71.497348,-32.933837],[-71.497419,-32.933864],[-71.49746,-32.933889],[-71.497617,-32.934001],[-71.497736,-32.934108],[-71.497807,-32.934206],[-71.497909,-32.934394],[-71.497973,-32.934452],[-71.498052,-32.934479],[-71.49843,-32.934558],[-71.4985,-32.934584],[-71.49854,-32.934611],[-71.498598,-32.934676],[-71.498634,-32.934748],[-71.498658,-32.934832],[-71.498661,-32.934901],[-71.498638,-32.934994],[-71.498528,-32.935172],[-71.49847,-32.935303],[-71.498446,-32.935401],[-71.498422,-32.935593],[-71.498376,-32.935708],[-71.498317,-32.935798],[-71.49814,-32.936027],[-71.497957,-32.936204],[-71.497923,-32.936264],[-71.497835,-32.936474],[-71.497833,-32.936518],[-71.497855,-32.936564],[-71.497962,-32.936674],[-71.498007,-32.936747],[-71.49807,-32.936949],[-71.498078,-32.93702],[-71.498075,-32.937064],[-71.49805,-32.937154],[-71.498007,-32.937246],[-71.497893,-32.937447],[-71.497764,-32.937631],[-71.497726,-32.937698],[-71.497689,-32.937828],[-71.497665,-32.938053],[-71.497631,-32.938147],[-71.497585,-32.938219],[-71.497508,-32.938297],[-71.497412,-32.938373],[-71.497281,-32.938457],[-71.497237,-32.938503],[-71.497204,-32.938591],[-71.497147,-32.938951],[-71.497121,-32.939021],[-71.497008,-32.939219],[-71.496845,-32.93942],[-71.496755,-32.939601],[-71.496695,-32.939688],[-71.496649,-32.939731],[-71.49661,-32.939753],[-71.496565,-32.939767],[-71.496485,-32.939773],[-71.496299,-32.939759],[-71.496208,-32.939769],[-71.496104,-32.939806],[-71.496092,-32.939813],[-71.496066,-32.939856],[-71.49623,-32.939944],[-71.496292,-32.93999],[-71.496339,-32.940054],[-71.496361,-32.940126],[-71.496361,-32.940172],[-71.496353,-32.940214],[-71.496289,-32.940348],[-71.496264,-32.94044],[-71.496264,-32.94053],[-71.496297,-32.94075],[-71.496297,-32.940811],[-71.496284,-32.940852],[-71.496251,-32.940896],[-71.496204,-32.94094],[-71.496186,-32.940988],[-71.496199,-32.941027],[-71.49626,-32.941116],[-71.496269,-32.941162],[-71.496264,-32.941206],[-71.496243,-32.941258],[-71.49614,-32.941391],[-71.496134,-32.941434],[-71.496162,-32.94152],[-71.49618,-32.941613],[-71.496181,-32.94184],[-71.496194,-32.941933],[-71.496296,-32.942199],[-71.496369,-32.942363],[-71.49638,-32.942432],[-71.496369,-32.942497],[-71.496347,-32.942556],[-71.496208,-32.942792],[-71.496156,-32.942918],[-71.496096,-32.943283],[-71.496056,-32.9434],[-71.495986,-32.943512],[-71.495887,-32.943615],[-71.495844,-32.943671],[-71.495803,-32.943771],[-71.495791,-32.943854],[-71.495796,-32.943958],[-71.495856,-32.944217],[-71.495899,-32.944259],[-71.495938,-32.944269],[-71.495976,-32.944256],[-71.496,-32.944221],[-71.496007,-32.944169],[-71.496017,-32.944074],[-71.496022,-32.94395],[-71.496031,-32.943869],[-71.496101,-32.943745],[-71.496202,-32.943595],[-71.496252,-32.943512],[-71.496305,-32.943388],[-71.496406,-32.943055],[-71.496456,-32.942945],[-71.496519,-32.942858],[-71.496683,-32.942697],[-71.496746,-32.942598],[-71.496765,-32.942537],[-71.496784,-32.942431],[-71.496805,-32.942152],[-71.496789,-32.942037],[-71.496722,-32.941862],[-71.49671,-32.941809],[-71.496712,-32.941746],[-71.496736,-32.941695],[-71.49678,-32.941651],[-71.496835,-32.941614],[-71.496905,-32.941598],[-71.496968,-32.941615],[-71.497124,-32.941724],[-71.49715,-32.941733],[-71.497195,-32.941732],[-71.497232,-32.941697],[-71.497262,-32.941637],[-71.497298,-32.94152],[-71.497354,-32.941277],[-71.497379,-32.941215],[-71.497423,-32.941166],[-71.497466,-32.941147],[-71.497529,-32.941136],[-71.497708,-32.941135],[-71.497906,-32.94112],[-71.498046,-32.941131],[-71.498077,-32.941119],[-71.498094,-32.941095],[-71.498101,-32.941069],[-71.498079,-32.941028],[-71.498051,-32.941012],[-71.49787,-32.940947],[-71.497775,-32.940877],[-71.497736,-32.940821],[-71.497722,-32.940787],[-71.497707,-32.940711],[-71.497706,-32.940642],[-71.497722,-32.94056],[-71.497763,-32.940468],[-71.497891,-32.940262],[-71.497941,-32.940198],[-71.497985,-32.940154],[-71.498051,-32.940108],[-71.498135,-32.940079],[-71.498189,-32.940079],[-71.498342,-32.940103],[-71.498385,-32.940099],[-71.498423,-32.940079],[-71.498456,-32.940038],[-71.498467,-32.940009],[-71.498485,-32.939949],[-71.49849,-32.939906],[-71.498483,-32.939858],[-71.498465,-32.939812],[-71.498411,-32.939741],[-71.498251,-32.939586],[-71.498221,-32.93954],[-71.4982,-32.939493],[-71.498186,-32.939449],[-71.498182,-32.939397],[-71.498186,-32.939364],[-71.498211,-32.939317],[-71.498258,-32.939272],[-71.498318,-32.939242],[-71.498367,-32.939226],[-71.498597,-32.939185],[-71.498678,-32.93915],[-71.498736,-32.939101],[-71.498951,-32.938775],[-71.49897,-32.938683],[-71.498963,-32.938566],[-71.498967,-32.938503],[-71.498985,-32.938446],[-71.499001,-32.93842],[-71.499024,-32.9384],[-71.499083,-32.938385],[-71.499156,-32.938396],[-71.499451,-32.938492],[-71.499653,-32.938534],[-71.499747,-32.93854],[-71.499787,-32.938531],[-71.499814,-32.938512],[-71.499824,-32.93848],[-71.499813,-32.938413],[-71.499772,-32.938325],[-71.499668,-32.938176],[-71.499636,-32.938113],[-71.499559,-32.937806],[-71.499557,-32.937715],[-71.499583,-32.937607],[-71.499616,-32.937547],[-71.499673,-32.937497],[-71.499729,-32.937475],[-71.499812,-32.93746],[-71.50013,-32.937425],[-71.500304,-32.937423],[-71.500407,-32.937433],[-71.500486,-32.937453],[-71.50057,-32.937492],[-71.500661,-32.937555],[-71.500764,-32.937655],[-71.500824,-32.937737],[-71.50085,-32.937796],[-71.500863,-32.937895],[-71.500847,-32.938063],[-71.500819,-32.938189],[-71.500781,-32.938281],[-71.50069,-32.938462],[-71.500663,-32.938551],[-71.500657,-32.938827],[-71.500661,-32.938867],[-71.500679,-32.938909],[-71.500705,-32.938928],[-71.500727,-32.938929],[-71.500795,-32.938908],[-71.500899,-32.93883],[-71.501068,-32.938661],[-71.501138,-32.938622],[-71.501218,-32.938605],[-71.50131,-32.938608],[-71.50146,-32.938631],[-71.501658,-32.938674],[-71.501834,-32.938742],[-71.502059,-32.938863],[-71.502133,-32.938908],[-71.502183,-32.938949],[-71.502325,-32.93912],[-71.502645,-32.939405],[-71.502677,-32.939445],[-71.502703,-32.939494],[-71.502719,-32.939543],[-71.50278,-32.939901],[-71.50282,-32.940026],[-71.50287,-32.940127],[-71.502926,-32.940192],[-71.502986,-32.940206],[-71.503021,-32.940198],[-71.503044,-32.940163],[-71.503049,-32.940115],[-71.503045,-32.940056],[-71.50302,-32.939963],[-71.503005,-32.939628],[-71.503006,-32.939585],[-71.502998,-32.939528],[-71.502972,-32.93945],[-71.502879,-32.939234],[-71.502775,-32.939091],[-71.502663,-32.938966],[-71.50258,-32.938829],[-71.502523,-32.938611],[-71.502482,-32.938478],[-71.502475,-32.938411],[-71.502491,-32.938349],[-71.502531,-32.938256],[-71.502614,-32.938114],[-71.502683,-32.938048],[-71.502806,-32.937965],[-71.502837,-32.937915],[-71.50288,-32.937797],[-71.502917,-32.93774],[-71.502968,-32.93769],[-71.503093,-32.937601],[-71.503136,-32.937563],[-71.503155,-32.937509],[-71.503147,-32.937467],[-71.503126,-32.937422],[-71.50301,-32.937243],[-71.502984,-32.937176],[-71.502973,-32.937124],[-71.502973,-32.937059],[-71.502991,-32.936886],[-71.502995,-32.936687],[-71.503026,-32.936386],[-71.503026,-32.936296],[-71.503014,-32.93622],[-71.50299,-32.93616],[-71.50287,-32.935982],[-71.502768,-32.935712],[-71.502645,-32.935464],[-71.502618,-32.935349],[-71.502621,-32.935282],[-71.502637,-32.93522],[-71.502676,-32.935155],[-71.502756,-32.93508],[-71.502931,-32.934958],[-71.503048,-32.934899],[-71.503158,-32.934868],[-71.503283,-32.93485],[-71.503372,-32.934851],[-71.503522,-32.934872],[-71.503559,-32.934866],[-71.503581,-32.93484],[-71.503591,-32.93481],[-71.503597,-32.934733],[-71.503587,-32.934631],[-71.503546,-32.934563],[-71.503448,-32.934448],[-71.503428,-32.934403],[-71.503418,-32.934328],[-71.503425,-32.934267],[-71.503441,-32.934227],[-71.503541,-32.934128],[-71.503567,-32.934088],[-71.503578,-32.934047],[-71.503592,-32.933686],[-71.503588,-32.933601],[-71.503564,-32.933501],[-71.503501,-32.933323],[-71.503488,-32.933237],[-71.50349,-32.933193],[-71.503506,-32.933149],[-71.503552,-32.933104],[-71.503636,-32.933053],[-71.503738,-32.933006],[-71.504306,-32.932786],[-71.504599,-32.932659],[-71.504983,-32.932509],[-71.505118,-32.932474],[-71.505219,-32.932458],[-71.505332,-32.932454],[-71.505537,-32.932465],[-71.505624,-32.93246],[-71.50572,-32.932431],[-71.505766,-32.93239],[-71.505795,-32.932321],[-71.5058,-32.932285],[-71.505793,-32.932231],[-71.505753,-32.932151],[-71.505619,-32.931972],[-71.505577,-32.931894],[-71.505506,-32.9317],[-71.505449,-32.931579],[-71.505438,-32.93152],[-71.505475,-32.931435],[-71.505518,-32.931374],[-71.505845,-32.930981],[-71.505927,-32.93093],[-71.506073,-32.930878],[-71.506118,-32.930849],[-71.506139,-32.930824],[-71.506156,-32.930795],[-71.506168,-32.93075],[-71.506164,-32.930542],[-71.506173,-32.930457],[-71.506198,-32.930386],[-71.506232,-32.930351],[-71.506292,-32.930321],[-71.506389,-32.930293],[-71.506495,-32.930279],[-71.506714,-32.930267],[-71.507335,-32.930113],[-71.507463,-32.930094],[-71.507574,-32.930094],[-71.507677,-32.930113],[-71.507757,-32.930144],[-71.50796,-32.930283],[-71.508007,-32.930325],[-71.508082,-32.930468],[-71.508097,-32.930489],[-71.508111,-32.930496],[-71.508167,-32.930512],[-71.508368,-32.930529],[-71.508534,-32.930567],[-71.508948,-32.930645],[-71.509017,-32.930666],[-71.509088,-32.930708],[-71.509126,-32.930741],[-71.509215,-32.930842],[-71.509402,-32.931187],[-71.509479,-32.931369],[-71.509514,-32.931432],[-71.509606,-32.931565],[-71.509772,-32.931748],[-71.509816,-32.931834],[-71.509826,-32.931924],[-71.509802,-32.932022],[-71.509776,-32.932077],[-71.509632,-32.932292],[-71.509601,-32.932377],[-71.509599,-32.932421],[-71.509614,-32.93247],[-71.509632,-32.932513],[-71.509676,-32.932573],[-71.509721,-32.932589],[-71.509765,-32.932583],[-71.510168,-32.932487],[-71.510279,-32.932485],[-71.510424,-32.9325],[-71.510549,-32.93253],[-71.51063,-32.932563],[-71.510753,-32.932633],[-71.511114,-32.932863],[-71.511208,-32.932911],[-71.51129,-32.932927],[-71.51137,-32.932918],[-71.511431,-32.932896],[-71.51155,-32.932784],[-71.511613,-32.932709],[-71.511642,-32.932602],[-71.51164,-32.932474],[-71.511588,-32.932359],[-71.511492,-32.932198],[-71.511349,-32.932048],[-71.511237,-32.931947],[-71.511172,-32.931868],[-71.51114,-32.931823],[-71.511107,-32.931738],[-71.511104,-32.931595],[-71.511082,-32.931311],[-71.511072,-32.93125],[-71.511024,-32.931072],[-71.511018,-32.930986],[-71.511018,-32.930787],[-71.511026,-32.930711],[-71.51109,-32.930529],[-71.511113,-32.930402],[-71.511116,-32.930304],[-71.511098,-32.930127],[-71.511102,-32.929972],[-71.511095,-32.929944],[-71.511072,-32.929736],[-71.511045,-32.929613],[-71.511048,-32.929539],[-71.511048,-32.929455],[-71.511077,-32.929366],[-71.511087,-32.929333],[-71.511091,-32.92929],[-71.511069,-32.929204],[-71.51103,-32.929134],[-71.510953,-32.929047],[-71.51089,-32.928998],[-71.510756,-32.928818],[-71.510722,-32.928781],[-71.5106,-32.928681],[-71.510443,-32.928519],[-71.510364,-32.928469],[-71.510231,-32.928414],[-71.510147,-32.928367],[-71.51004,-32.928288],[-71.509985,-32.928231],[-71.5099,-32.928052],[-71.509806,-32.927916],[-71.509793,-32.927876],[-71.509795,-32.927854],[-71.509812,-32.92783],[-71.509861,-32.927789],[-71.509873,-32.927757],[-71.509872,-32.927732],[-71.509845,-32.927684],[-71.509743,-32.927601],[-71.509674,-32.927557],[-71.509492,-32.927486],[-71.509368,-32.927426],[-71.509247,-32.927354],[-71.509151,-32.927288],[-71.50886,-32.927014],[-71.508798,-32.926924],[-71.508777,-32.926879],[-71.508762,-32.92682],[-71.508749,-32.9267],[-71.508756,-32.926613],[-71.508774,-32.926567],[-71.508827,-32.926486],[-71.508852,-32.926434],[-71.508894,-32.926253],[-71.508949,-32.926108],[-71.509011,-32.925976],[-71.509033,-32.925894],[-71.50903,-32.925828],[-71.50903,-32.925812],[-71.509041,-32.925581],[-71.509053,-32.925265],[-71.509014,-32.924814],[-71.50901,-32.924788],[-71.50893,-32.924346],[-71.508804,-32.92406],[-71.508639,-32.92376],[-71.508627,-32.923729],[-71.508578,-32.923597],[-71.508552,-32.923453],[-71.508553,-32.923251],[-71.508572,-32.923025],[-71.508621,-32.922859],[-71.508635,-32.922806],[-71.508698,-32.922627],[-71.508728,-32.922542],[-71.508779,-32.922434],[-71.508836,-32.922294],[-71.508984,-32.922082],[-71.509057,-32.922025],[-71.509144,-32.921973],[-71.509219,-32.921937],[-71.509391,-32.921888],[-71.509598,-32.921843],[-71.509896,-32.921816],[-71.510746,-32.921771],[-71.511324,-32.921699],[-71.51191,-32.921553],[-71.512106,-32.921509],[-71.512495,-32.921423],[-71.512719,-32.921388],[-71.513707,-32.921268],[-71.513939,-32.921239],[-71.513987,-32.921232],[-71.514711,-32.921139],[-71.515225,-32.921013],[-71.515253,-32.921005],[-71.515827,-32.920819],[-71.516276,-32.920637],[-71.516589,-32.92048],[-71.516719,-32.920414],[-71.516814,-32.920355],[-71.517414,-32.920042],[-71.518098,-32.919785],[-71.518597,-32.919567],[-71.519161,-32.919344],[-71.51932,-32.919292],[-71.519569,-32.919212],[-71.519873,-32.919128],[-71.520217,-32.919096],[-71.520584,-32.919109],[-71.520821,-32.919133],[-71.520824,-32.919134],[-71.521079,-32.919191],[-71.521327,-32.919282],[-71.521605,-32.919397],[-71.521892,-32.919548],[-71.522021,-32.919645],[-71.522129,-32.919727],[-71.522374,-32.919938],[-71.522438,-32.919991],[-71.522499,-32.920034],[-71.52271,-32.920238],[-71.52279,-32.920363],[-71.522872,-32.920532],[-71.522928,-32.920718],[-71.52301,-32.920974],[-71.523043,-32.921208],[-71.523067,-32.921405],[-71.523103,-32.921674],[-71.523108,-32.921853],[-71.523137,-32.922856],[-71.523137,-32.922922],[-71.523152,-32.923044],[-71.523268,-32.923441],[-71.523459,-32.923851],[-71.523616,-32.924175],[-71.52374,-32.924325],[-71.523909,-32.92445],[-71.524386,-32.924698],[-71.524947,-32.92499],[-71.525039,-32.925028],[-71.525417,-32.925168],[-71.525613,-32.92527],[-71.525749,-32.925356],[-71.52585,-32.925484],[-71.525941,-32.925658],[-71.526054,-32.925936],[-71.526118,-32.92625],[-71.526138,-32.926293],[-71.526161,-32.926324],[-71.52646,-32.926603],[-71.526725,-32.926871],[-71.526924,-32.927088],[-71.527114,-32.927333],[-71.52728,-32.927541],[-71.527382,-32.927647],[-71.527806,-32.928085],[-71.52795,-32.928182],[-71.528125,-32.928262],[-71.528357,-32.928312],[-71.528677,-32.928378],[-71.528954,-32.928446],[-71.529058,-32.928484],[-71.529318,-32.928578],[-71.529553,-32.928749],[-71.529726,-32.928869],[-71.529825,-32.928961],[-71.529942,-32.929093],[-71.530031,-32.92922],[-71.530106,-32.929366],[-71.530163,-32.929517],[-71.530236,-32.929723],[-71.530277,-32.929979],[-71.530329,-32.930155],[-71.530408,-32.930318],[-71.530536,-32.930508],[-71.530863,-32.930828],[-71.531088,-32.930947],[-71.531683,-32.931262],[-71.531808,-32.93131],[-71.532362,-32.931435],[-71.532721,-32.931484],[-71.533186,-32.931522],[-71.534069,-32.931508],[-71.534216,-32.931516],[-71.534416,-32.931528],[-71.534694,-32.931564],[-71.535388,-32.931694],[-71.535654,-32.931733],[-71.535891,-32.931757],[-71.536003,-32.931759],[-71.536114,-32.931748],[-71.536256,-32.931723],[-71.536718,-32.931628],[-71.537053,-32.931558],[-71.537819,-32.931404],[-71.538437,-32.931207],[-71.53896,-32.930981],[-71.539441,-32.930712],[-71.539668,-32.930543],[-71.539718,-32.930496],[-71.539835,-32.930387],[-71.539991,-32.930298],[-71.540189,-32.930232],[-71.540322,-32.930197],[-71.540892,-32.930081],[-71.540947,-32.930072],[-71.541345,-32.929946],[-71.541532,-32.92984],[-71.541634,-32.929767],[-71.541815,-32.929637],[-71.54207,-32.929363],[-71.542135,-32.929236],[-71.542225,-32.928929],[-71.542235,-32.928866],[-71.542246,-32.928542],[-71.542257,-32.928498],[-71.542292,-32.92841],[-71.542339,-32.928343],[-71.542383,-32.928294],[-71.542566,-32.928144],[-71.542701,-32.928053],[-71.542785,-32.928015],[-71.54284,-32.927999],[-71.542972,-32.927987],[-71.543055,-32.927984],[-71.543346,-32.927974],[-71.544096,-32.928007],[-71.544232,-32.928029],[-71.544301,-32.928052],[-71.544456,-32.92812],[-71.544713,-32.928177],[-71.544997,-32.928276],[-71.545066,-32.928322],[-71.545111,-32.928367],[-71.545286,-32.928595],[-71.545354,-32.928666],[-71.545403,-32.928706],[-71.545465,-32.928743],[-71.545549,-32.928779],[-71.545715,-32.928822],[-71.545832,-32.928842],[-71.546364,-32.92884],[-71.546888,-32.928776],[-71.547428,-32.928699],[-71.547566,-32.928661],[-71.54829,-32.928407],[-71.548474,-32.928354],[-71.548633,-32.92832],[-71.548828,-32.928321],[-71.549026,-32.928348],[-71.549403,-32.928453],[-71.549452,-32.928467],[-71.549858,-32.928557],[-71.550264,-32.928701],[-71.550542,-32.928862],[-71.550686,-32.928977],[-71.550795,-32.929109],[-71.550858,-32.929232],[-71.550891,-32.929362],[-71.550905,-32.929549],[-71.550872,-32.929646],[-71.550857,-32.92969],[-71.550693,-32.929872],[-71.550512,-32.930006],[-71.550434,-32.930081],[-71.550384,-32.930148],[-71.550349,-32.930244],[-71.550315,-32.930534],[-71.550289,-32.930664],[-71.550259,-32.930743],[-71.55022,-32.930797],[-71.550182,-32.930835],[-71.549922,-32.931068],[-71.549815,-32.931203],[-71.549728,-32.931296],[-71.549692,-32.931356],[-71.549683,-32.931386],[-71.549704,-32.931426],[-71.54973,-32.931452],[-71.549836,-32.931525],[-71.549881,-32.931585],[-71.5499,-32.931662],[-71.549893,-32.931794],[-71.549908,-32.931882],[-71.549975,-32.932062],[-71.550073,-32.932243],[-71.550095,-32.932299],[-71.550118,-32.932449],[-71.55013,-32.932655],[-71.550127,-32.932789],[-71.550062,-32.933013],[-71.550002,-32.933144],[-71.549778,-32.933449],[-71.549521,-32.933838],[-71.549485,-32.933888],[-71.549431,-32.934042],[-71.549332,-32.934283],[-71.549211,-32.934495],[-71.549146,-32.934635],[-71.549116,-32.934719],[-71.549105,-32.934779],[-71.549105,-32.934823],[-71.549124,-32.934947],[-71.54912,-32.935035],[-71.549098,-32.93511],[-71.549058,-32.93521],[-71.549049,-32.935253],[-71.549064,-32.935572],[-71.549079,-32.935692],[-71.549102,-32.935798],[-71.549143,-32.935936],[-71.549177,-32.93612],[-71.5492,-32.936167],[-71.549245,-32.93621],[-71.5493,-32.936229],[-71.549373,-32.936242],[-71.549685,-32.936251],[-71.549885,-32.936297],[-71.549998,-32.936339],[-71.550077,-32.936383],[-71.550151,-32.936435],[-71.550224,-32.936499],[-71.550271,-32.936567],[-71.550271,-32.936615],[-71.550223,-32.936702],[-71.550116,-32.936839],[-71.550095,-32.936878],[-71.55009,-32.93692],[-71.550113,-32.936969],[-71.550193,-32.937069],[-71.550281,-32.937159],[-71.550407,-32.937262],[-71.550627,-32.937409],[-71.550763,-32.937473],[-71.550832,-32.937491],[-71.550902,-32.937499],[-71.55112,-32.937479],[-71.551212,-32.937483],[-71.551308,-32.937497],[-71.551531,-32.937555],[-71.55161,-32.937598],[-71.551666,-32.937649],[-71.551819,-32.93792],[-71.551867,-32.938031],[-71.551914,-32.938235],[-71.551917,-32.938462],[-71.551925,-32.938555],[-71.551947,-32.938637],[-71.551995,-32.938733],[-71.552158,-32.938985],[-71.552215,-32.939053],[-71.552294,-32.939103],[-71.552369,-32.939122],[-71.552478,-32.939133],[-71.552521,-32.939147],[-71.552564,-32.939174],[-71.552611,-32.939225],[-71.552702,-32.939382],[-71.552726,-32.939451],[-71.552726,-32.939496],[-71.55271,-32.939553],[-71.552636,-32.939722],[-71.552615,-32.939805],[-71.552614,-32.939866],[-71.552633,-32.940035],[-71.552611,-32.94017],[-71.552568,-32.940248],[-71.552517,-32.940303],[-71.552438,-32.940357],[-71.55232,-32.940424],[-71.552228,-32.940509],[-71.552174,-32.940595],[-71.552157,-32.940701],[-71.55216,-32.940758],[-71.552179,-32.940845],[-71.552224,-32.941002],[-71.552255,-32.941073],[-71.552426,-32.941295],[-71.55259,-32.941478],[-71.552633,-32.941545],[-71.552644,-32.941616],[-71.552621,-32.941744],[-71.552618,-32.941968],[-71.552598,-32.942046],[-71.552569,-32.942111],[-71.552312,-32.942487],[-71.552214,-32.942613],[-71.55217,-32.942659],[-71.552095,-32.94272],[-71.551892,-32.942831],[-71.55184,-32.94287],[-71.551799,-32.942918],[-71.551781,-32.942966],[-71.551763,-32.943049],[-71.551633,-32.943316],[-71.551591,-32.943377],[-71.551497,-32.943468],[-71.551375,-32.943552],[-71.55125,-32.943635],[-71.551125,-32.94372],[-71.551049,-32.943787],[-71.550949,-32.943896],[-71.550902,-32.943949],[-71.55083,-32.944067],[-71.550652,-32.944539],[-71.550595,-32.944695],[-71.550558,-32.944754]]},"properties":{"OBJECTID":117,"fuente":"Cota 30","tipo":"Límite de área de evacuación","cine_prov":"051","cine_com":"05103","nom_com":"Concón","nom_prov":"Valparaíso","nom_reg":"Valparaíso","cine_reg":"05","Shape__Length":0.1480909242763253}},{"type":"Feature","id":138,"geometry":{"type":"LineString","coordinates":[[-71.584586,-33.030446],[-71.584654,-33.030351],[-71.584866,-33.030039],[-71.585232,-33.02957],[-71.585587,-33.029261],[-71.585692,-33.029194],[-71.585761,-33.02918],[-71.585832,-33.02918],[-71.585877,-33.029192],[-71.585939,-33.029242],[-71.585989,-33.029311],[-71.586072,-33.029456],[-71.586125,-33.029606],[-71.586139,-33.029701],[-71.586118,-33.029827],[-71.58611,-33.029913],[-71.58611,-33.029977],[-71.58612,-33.030044],[-71.586158,-33.030118],[-71.586229,-33.030179],[-71.586322,-33.030251],[-71.586436,-33.030315],[-71.586603,-33.030417],[-71.586856,-33.030496],[-71.587003,-33.030564],[-71.587082,-33.030592],[-71.587184,-33.030607],[-71.587357,-33.030595],[-71.587436,-33.030599],[-71.587532,-33.030624],[-71.58765,-33.030685],[-71.587722,-33.030739],[-71.58789,-33.030892],[-71.588326,-33.031295],[-71.588452,-33.031445],[-71.58853,-33.031562],[-71.588568,-33.031624],[-71.588597,-33.031698],[-71.588599,-33.031759],[-71.588599,-33.031838],[-71.588571,-33.031935],[-71.58853,-33.032019],[-71.588466,-33.032107],[-71.588414,-33.032166],[-71.588292,-33.032221],[-71.588195,-33.032252],[-71.588116,-33.032264],[-71.58808,-33.032279],[-71.588054,-33.03229],[-71.588,-33.032333],[-71.587983,-33.03238],[-71.587993,-33.032452],[-71.588083,-33.032743],[-71.588102,-33.032859],[-71.588107,-33.032966],[-71.588097,-33.03307],[-71.588042,-33.033201],[-71.587973,-33.033297],[-71.587864,-33.033382],[-71.58776,-33.033429],[-71.587519,-33.033496],[-71.587448,-33.033544],[-71.587426,-33.033611],[-71.587426,-33.033661],[-71.58757,-33.033922],[-71.587757,-33.034125],[-71.587847,-33.034274],[-71.587881,-33.034393],[-71.58789,-33.034541],[-71.587859,-33.034653],[-71.5878,-33.034741],[-71.587609,-33.034958],[-71.587558,-33.035015],[-71.587538,-33.035054],[-71.587531,-33.035096],[-71.587539,-33.035143],[-71.58756,-33.035192],[-71.587603,-33.035234],[-71.587662,-33.035255],[-71.587759,-33.035275],[-71.587804,-33.035296],[-71.587831,-33.035327],[-71.587844,-33.035357],[-71.587842,-33.035412],[-71.587725,-33.035687],[-71.587591,-33.035913],[-71.587431,-33.036161],[-71.587241,-33.036445],[-71.587136,-33.036606],[-71.587084,-33.036702],[-71.587065,-33.03679],[-71.587065,-33.036937],[-71.587041,-33.037054],[-71.586967,-33.037289],[-71.586881,-33.037465],[-71.58681,-33.03767],[-71.586743,-33.037796],[-71.586665,-33.037925],[-71.586577,-33.038032],[-71.586474,-33.038155],[-71.586413,-33.038284],[-71.586389,-33.03837],[-71.586382,-33.038453],[-71.586405,-33.038524],[-71.586448,-33.038588],[-71.586498,-33.038617],[-71.586612,-33.038622],[-71.586667,-33.038603],[-71.586717,-33.038586],[-71.586867,-33.038486],[-71.587,-33.038334],[-71.587267,-33.038027],[-71.58754,-33.037699],[-71.588067,-33.037128],[-71.588086,-33.037104],[-71.588307,-33.036723],[-71.588495,-33.036371],[-71.588595,-33.036138],[-71.588759,-33.035857],[-71.588932,-33.035702],[-71.58913,-33.03554],[-71.589287,-33.03544],[-71.589418,-33.035398],[-71.589513,-33.035367],[-71.589551,-33.03534],[-71.589572,-33.035307],[-71.589572,-33.03526],[-71.589553,-33.035188],[-71.589496,-33.035098],[-71.58937,-33.034969],[-71.589249,-33.034827],[-71.589211,-33.034731],[-71.589211,-33.034593],[-71.589251,-33.034484],[-71.589311,-33.034403],[-71.589365,-33.03436],[-71.589442,-33.034336],[-71.589637,-33.03429],[-71.589739,-33.034277],[-71.589823,-33.034244],[-71.589939,-33.034187],[-71.590027,-33.034102],[-71.590086,-33.034038],[-71.590146,-33.033919],[-71.590176,-33.033831],[-71.590207,-33.033709],[-71.590234,-33.033609],[-71.590262,-33.033531],[-71.590293,-33.033476],[-71.59036,-33.033431],[-71.590401,-33.033418],[-71.590493,-33.033407],[-71.590543,-33.033409],[-71.590726,-33.033421],[-71.59084,-33.033457],[-71.590881,-33.033488],[-71.590919,-33.033516],[-71.590981,-33.033614],[-71.591045,-33.033723],[-71.591121,-33.033778],[-71.59125,-33.033802],[-71.591361,-33.033807],[-71.591483,-33.033795],[-71.591656,-33.033759],[-71.591833,-33.033721],[-71.591999,-33.03369],[-71.592266,-33.033688],[-71.592446,-33.033697],[-71.592673,-33.033738],[-71.592951,-33.03379],[-71.593398,-33.033892],[-71.593646,-33.033976],[-71.593881,-33.034058],[-71.59405,-33.03413],[-71.594429,-33.034309],[-71.594667,-33.034425],[-71.594795,-33.03448],[-71.594871,-33.034482],[-71.594966,-33.034458],[-71.595104,-33.03442],[-71.595195,-33.034418],[-71.595248,-33.034429],[-71.595463,-33.034504],[-71.595594,-33.034539],[-71.595708,-33.034587],[-71.595762,-33.034601],[-71.595821,-33.034591],[-71.595955,-33.034518],[-71.596069,-33.034498],[-71.596161,-33.0345],[-71.596274,-33.034514],[-71.59651,-33.034574],[-71.596812,-33.034689],[-71.596946,-33.034753],[-71.597094,-33.034858],[-71.59712,-33.034894],[-71.597136,-33.034939],[-71.597146,-33.034999],[-71.597129,-33.035051],[-71.597086,-33.035142],[-71.597029,-33.035261],[-71.596927,-33.035391],[-71.596841,-33.035494],[-71.596787,-33.035568],[-71.59676,-33.035622],[-71.596751,-33.035682],[-71.596763,-33.035713],[-71.596779,-33.035721],[-71.596796,-33.035729],[-71.596851,-33.035736],[-71.597056,-33.035707],[-71.597174,-33.035674],[-71.597345,-33.035594],[-71.597397,-33.035577],[-71.597461,-33.03557],[-71.597512,-33.03558],[-71.597553,-33.0356],[-71.597603,-33.035642],[-71.59784,-33.035902],[-71.598074,-33.036114],[-71.598108,-33.036172],[-71.598119,-33.036227],[-71.598099,-33.036322],[-71.598041,-33.036462],[-71.597893,-33.036703],[-71.597781,-33.03685],[-71.59766,-33.037033],[-71.59765,-33.037066],[-71.597652,-33.03709],[-71.59766,-33.037197],[-71.59765,-33.037237],[-71.59761,-33.037331],[-71.597579,-33.037385],[-71.597548,-33.03744],[-71.597514,-33.037539],[-71.597503,-33.037726],[-71.597498,-33.037897],[-71.597505,-33.038232],[-71.597498,-33.038361],[-71.597494,-33.038373],[-71.59747,-33.038447],[-71.597424,-33.038509],[-71.597343,-33.038568],[-71.597215,-33.038611],[-71.597192,-33.038617],[-71.596998,-33.038666],[-71.596932,-33.038695],[-71.596875,-33.038752],[-71.596852,-33.038793],[-71.596841,-33.038846],[-71.596834,-33.038992],[-71.596789,-33.039108],[-71.596675,-33.039227],[-71.596515,-33.039344],[-71.596449,-33.039403],[-71.596415,-33.039441],[-71.596396,-33.039506],[-71.596401,-33.03956],[-71.596439,-33.039627],[-71.59647,-33.039689],[-71.596482,-33.03976],[-71.596484,-33.03982],[-71.59647,-33.039886],[-71.59642,-33.039953],[-71.596327,-33.040034],[-71.596189,-33.040091],[-71.596029,-33.040136],[-71.595832,-33.040155],[-71.595721,-33.040181],[-71.595609,-33.040241],[-71.595518,-33.040307],[-71.595478,-33.040367],[-71.595454,-33.040443],[-71.595454,-33.040567],[-71.595473,-33.040681],[-71.595492,-33.040788],[-71.595502,-33.040869],[-71.595511,-33.040955],[-71.595499,-33.04104],[-71.595471,-33.041119],[-71.595418,-33.041195],[-71.595335,-33.041316],[-71.595318,-33.041369],[-71.595338,-33.041426],[-71.595368,-33.04144],[-71.595418,-33.041442],[-71.595528,-33.041407],[-71.59564,-33.041335],[-71.595709,-33.04125],[-71.59574,-33.041147],[-71.595752,-33.041066],[-71.595763,-33.040943],[-71.595763,-33.040852],[-71.595763,-33.040738],[-71.595782,-33.040652],[-71.595818,-33.040591],[-71.595882,-33.040531],[-71.59598,-33.040486],[-71.59617,-33.040429],[-71.596524,-33.040319],[-71.596617,-33.040273],[-71.596724,-33.040185],[-71.596959,-33.039967],[-71.597005,-33.039896],[-71.597034,-33.03983],[-71.597046,-33.039759],[-71.597051,-33.039606],[-71.597063,-33.039565],[-71.597105,-33.039519],[-71.597259,-33.039397],[-71.597309,-33.039366],[-71.597356,-33.039368],[-71.597523,-33.039426],[-71.597797,-33.039485],[-71.597913,-33.039493],[-71.597985,-33.039476],[-71.598035,-33.039437],[-71.598069,-33.039393],[-71.59815,-33.039232],[-71.598202,-33.039153],[-71.598372,-33.038961],[-71.598429,-33.038884],[-71.598561,-33.038608],[-71.598635,-33.038537],[-71.598762,-33.038449],[-71.598814,-33.038432],[-71.598911,-33.038409],[-71.599019,-33.038397],[-71.599178,-33.038387],[-71.59929,-33.038394],[-71.599411,-33.038432],[-71.599516,-33.038494],[-71.59958,-33.038547],[-71.599655,-33.038672],[-71.599676,-33.038701],[-71.599694,-33.038717],[-71.599735,-33.038723],[-71.599789,-33.038711],[-71.599849,-33.038679],[-71.599923,-33.038608],[-71.599981,-33.038585],[-71.600112,-33.038578],[-71.600294,-33.038582],[-71.60058,-33.038606],[-71.600684,-33.03859],[-71.600777,-33.038554],[-71.600957,-33.038463],[-71.601084,-33.038433],[-71.601166,-33.038333],[-71.601187,-33.038316],[-71.601193,-33.038312],[-71.601232,-33.038296],[-71.6013,-33.038289],[-71.60135,-33.038297],[-71.601539,-33.03836],[-71.601721,-33.038448],[-71.602017,-33.038572],[-71.602243,-33.038707],[-71.602328,-33.038773],[-71.602531,-33.038958],[-71.602874,-33.039291],[-71.603048,-33.039431],[-71.603235,-33.039607],[-71.603343,-33.039696],[-71.603411,-33.039744],[-71.603525,-33.039808],[-71.603749,-33.039908],[-71.603795,-33.039942],[-71.603839,-33.040014],[-71.603905,-33.040194],[-71.604017,-33.040451],[-71.604081,-33.040708],[-71.604108,-33.04078],[-71.604173,-33.040913],[-71.604251,-33.04114],[-71.604289,-33.041211],[-71.604363,-33.041318],[-71.604393,-33.041382],[-71.604415,-33.041461],[-71.604436,-33.041651],[-71.604418,-33.041897],[-71.604379,-33.042082],[-71.604296,-33.042352],[-71.604215,-33.042527],[-71.60413,-33.042665],[-71.60403,-33.042784],[-71.603771,-33.042964],[-71.603699,-33.043028],[-71.603625,-33.043136],[-71.60353,-33.043254],[-71.603481,-33.043287],[-71.603431,-33.043297],[-71.603382,-33.043307],[-71.603344,-33.043325],[-71.603334,-33.043353],[-71.603336,-33.0434],[-71.603344,-33.043438],[-71.603387,-33.04353],[-71.603397,-33.043613],[-71.603383,-33.043715],[-71.603343,-33.043843],[-71.603339,-33.043891],[-71.603309,-33.044093],[-71.603256,-33.044264],[-71.603175,-33.044426],[-71.603037,-33.044617],[-71.60299,-33.044662],[-71.602946,-33.04474],[-71.602894,-33.044881],[-71.602832,-33.045017],[-71.602806,-33.045063],[-71.602736,-33.045151],[-71.602677,-33.045204],[-71.602546,-33.045297],[-71.60249,-33.045314],[-71.602401,-33.045315],[-71.602305,-33.045303],[-71.602014,-33.045217],[-71.601947,-33.045218],[-71.601845,-33.045235],[-71.601782,-33.045251],[-71.601749,-33.045268],[-71.601748,-33.045268],[-71.601743,-33.04529],[-71.601766,-33.04533],[-71.601933,-33.045495],[-71.602036,-33.04564],[-71.6021,-33.045804],[-71.602119,-33.04593],[-71.602142,-33.046185],[-71.602169,-33.046449],[-71.602176,-33.046627],[-71.602171,-33.046791],[-71.60215,-33.047039],[-71.602091,-33.047399],[-71.602017,-33.0476],[-71.601895,-33.047879],[-71.601745,-33.048162],[-71.601631,-33.048324],[-71.601606,-33.048357],[-71.601546,-33.048436],[-71.601503,-33.048474],[-71.601416,-33.048536],[-71.601372,-33.048559],[-71.601184,-33.048633],[-71.600836,-33.048719],[-71.600724,-33.048751],[-71.600691,-33.048781],[-71.600678,-33.048793],[-71.600664,-33.048823],[-71.600652,-33.048886],[-71.600663,-33.048935],[-71.600682,-33.048965],[-71.600779,-33.049111],[-71.600798,-33.049161],[-71.600801,-33.049242],[-71.60077,-33.049333],[-71.600734,-33.04943],[-71.600663,-33.049544],[-71.600589,-33.049604],[-71.600489,-33.049654],[-71.60028,-33.049687],[-71.599968,-33.049697],[-71.59992,-33.049702],[-71.599903,-33.049725],[-71.599896,-33.049767],[-71.599913,-33.049836],[-71.599943,-33.049878],[-71.599965,-33.049895],[-71.600253,-33.050097],[-71.600353,-33.05018],[-71.600401,-33.050251],[-71.600415,-33.050342],[-71.600408,-33.050515],[-71.60037,-33.050656],[-71.600301,-33.050865],[-71.600227,-33.050971],[-71.600144,-33.051089],[-71.599735,-33.051499],[-71.599704,-33.051545],[-71.599687,-33.0516],[-71.599628,-33.051853],[-71.599563,-33.051979],[-71.599483,-33.052079],[-71.599392,-33.052148],[-71.599247,-33.052214],[-71.599059,-33.052262],[-71.598828,-33.052326],[-71.598624,-33.052397],[-71.598283,-33.052424],[-71.597962,-33.052428],[-71.597822,-33.052426],[-71.597717,-33.052426],[-71.597662,-33.052445],[-71.597629,-33.052469],[-71.597622,-33.052509],[-71.597631,-33.052552],[-71.597679,-33.052604],[-71.598069,-33.052774],[-71.598838,-33.052988],[-71.599098,-33.053032],[-71.59929,-33.053078],[-71.599424,-33.053134],[-71.599783,-33.053317],[-71.599915,-33.053365],[-71.600053,-33.053402],[-71.600239,-33.053475],[-71.600362,-33.053501],[-71.600367,-33.053502],[-71.600691,-33.053519],[-71.600775,-33.05354],[-71.600834,-33.053577],[-71.60085,-33.053621],[-71.600852,-33.053648],[-71.600839,-33.053731],[-71.600802,-33.053802],[-71.600687,-33.053964],[-71.600662,-33.054027],[-71.600656,-33.054115],[-71.600682,-33.054195],[-71.600727,-33.054235],[-71.600773,-33.054259],[-71.60112,-33.054415],[-71.601248,-33.054494],[-71.601319,-33.054598],[-71.601346,-33.054703],[-71.601362,-33.054964],[-71.601391,-33.055177],[-71.6014,-33.055269],[-71.601381,-33.055384],[-71.601339,-33.055472],[-71.601267,-33.055591],[-71.601198,-33.055693],[-71.601134,-33.055798],[-71.601041,-33.055891],[-71.600879,-33.056021],[-71.600701,-33.056117],[-71.600487,-33.056216],[-71.600363,-33.056309],[-71.600244,-33.056428],[-71.600196,-33.056485],[-71.600159,-33.056567],[-71.600148,-33.05664],[-71.600173,-33.056797],[-71.6003,-33.057002],[-71.600339,-33.057021],[-71.600372,-33.057037],[-71.600468,-33.057054],[-71.600582,-33.057049],[-71.600677,-33.056994],[-71.600731,-33.056911],[-71.600796,-33.056804],[-71.60086,-33.056685],[-71.600929,-33.056585],[-71.601027,-33.056507],[-71.601158,-33.056425],[-71.601492,-33.05632],[-71.601519,-33.056301],[-71.601667,-33.056126],[-71.601774,-33.056043],[-71.601886,-33.055981],[-71.602102,-33.055883],[-71.602281,-33.055714],[-71.602378,-33.055581],[-71.602452,-33.055457],[-71.602504,-33.055355],[-71.602528,-33.055274],[-71.602559,-33.055155],[-71.6026,-33.055074],[-71.602715,-33.054958],[-71.602794,-33.054886],[-71.602959,-33.054689],[-71.603007,-33.054589],[-71.603016,-33.054501],[-71.603009,-33.05438],[-71.602957,-33.054223],[-71.602895,-33.054118],[-71.602816,-33.05403],[-71.602778,-33.053951],[-71.60275,-33.053868],[-71.602742,-33.053797],[-71.60279,-33.05359],[-71.602871,-33.05344],[-71.60294,-33.053368],[-71.60304,-33.05333],[-71.603175,-33.053304],[-71.603587,-33.053276],[-71.603632,-33.053274],[-71.603672,-33.053258],[-71.603699,-33.05322],[-71.603701,-33.053191],[-71.603702,-33.053178],[-71.603645,-33.053039],[-71.603635,-33.05299],[-71.603632,-33.052895],[-71.603641,-33.052721],[-71.603616,-33.052486],[-71.603627,-33.052357],[-71.603659,-33.052269],[-71.603706,-33.052209],[-71.603745,-33.052188],[-71.603803,-33.05218],[-71.603877,-33.052184],[-71.603976,-33.052203],[-71.604195,-33.052276],[-71.60424,-33.05228],[-71.604291,-33.05227],[-71.604336,-33.052225],[-71.604368,-33.052137],[-71.604395,-33.051996],[-71.604402,-33.051819],[-71.604414,-33.051778],[-71.604461,-33.05172],[-71.604511,-33.051694],[-71.60483,-33.051613],[-71.604895,-33.05161],[-71.604998,-33.051636],[-71.605235,-33.051731],[-71.605356,-33.051761],[-71.605416,-33.051794],[-71.605506,-33.051863],[-71.605554,-33.05191],[-71.605581,-33.051955],[-71.605592,-33.051988],[-71.605592,-33.052032],[-71.605566,-33.052152],[-71.605577,-33.052204],[-71.605601,-33.052238],[-71.605644,-33.052263],[-71.605752,-33.052357],[-71.605825,-33.052438],[-71.605833,-33.052447],[-71.605888,-33.052566],[-71.605909,-33.052635],[-71.605932,-33.052771],[-71.605933,-33.052838],[-71.605938,-33.052952],[-71.605956,-33.053031],[-71.605988,-33.053073],[-71.606045,-33.053113],[-71.606142,-33.053158],[-71.606172,-33.053166],[-71.606212,-33.053161],[-71.606248,-33.053143],[-71.606297,-33.053105],[-71.606422,-33.053046],[-71.606497,-33.053026],[-71.60658,-33.05303],[-71.606664,-33.053066],[-71.606716,-33.05313],[-71.606759,-33.053223],[-71.606787,-33.05333],[-71.606787,-33.05344],[-71.606761,-33.053554],[-71.60669,-33.053713],[-71.606578,-33.05392],[-71.606471,-33.054084],[-71.606293,-33.054256],[-71.606183,-33.054356],[-71.606093,-33.054491],[-71.606083,-33.054551],[-71.606105,-33.054582],[-71.606182,-33.054612],[-71.606364,-33.054636],[-71.60652,-33.054677],[-71.606551,-33.054666],[-71.606551,-33.054666],[-71.606572,-33.054639],[-71.606723,-33.054453],[-71.60684,-33.054356],[-71.606987,-33.054265],[-71.607085,-33.054227],[-71.607372,-33.054176],[-71.607808,-33.054089],[-71.608063,-33.053999],[-71.608246,-33.05393],[-71.608347,-33.053883],[-71.608617,-33.053611],[-71.608848,-33.053394],[-71.609016,-33.053224],[-71.609057,-33.053174],[-71.609293,-33.053026],[-71.609483,-33.052952],[-71.609705,-33.052885],[-71.610021,-33.052752],[-71.610253,-33.052643],[-71.610253,-33.052643],[-71.610267,-33.052613],[-71.610263,-33.052585],[-71.610233,-33.052526],[-71.610129,-33.052403],[-71.609843,-33.05214],[-71.609811,-33.052092],[-71.609807,-33.052065],[-71.609819,-33.05203],[-71.609849,-33.051998],[-71.609896,-33.05197],[-71.610057,-33.051909],[-71.610203,-33.051827],[-71.610264,-33.051804],[-71.610447,-33.051763],[-71.610601,-33.051715],[-71.610726,-33.051686],[-71.610913,-33.05166],[-71.611025,-33.051659],[-71.61116,-33.051685],[-71.611239,-33.05173],[-71.611255,-33.051774],[-71.611284,-33.051948],[-71.61132,-33.052065],[-71.611365,-33.052115],[-71.611395,-33.052125],[-71.611412,-33.052124],[-71.611461,-33.052095],[-71.611521,-33.052021],[-71.611589,-33.051954],[-71.611635,-33.051895],[-71.61168,-33.05182],[-71.6117,-33.05175],[-71.61175,-33.051459],[-71.611806,-33.051362],[-71.611841,-33.051334],[-71.611891,-33.051317],[-71.611939,-33.051317],[-71.612226,-33.051356],[-71.612353,-33.051387],[-71.612489,-33.051439],[-71.612545,-33.051469],[-71.612631,-33.051542],[-71.612662,-33.051584],[-71.612698,-33.051684],[-71.612706,-33.051914],[-71.612711,-33.051988],[-71.612759,-33.05227],[-71.612807,-33.052337],[-71.612896,-33.052408],[-71.612997,-33.052452],[-71.613123,-33.052479],[-71.613167,-33.052475],[-71.613262,-33.052441],[-71.613302,-33.052426],[-71.61344,-33.052347],[-71.613574,-33.05224],[-71.613705,-33.052093],[-71.613845,-33.051917],[-71.61399,-33.051774],[-71.614173,-33.051596],[-71.614266,-33.051538],[-71.614314,-33.051477],[-71.614323,-33.051405],[-71.614316,-33.051296],[-71.614269,-33.051151],[-71.614195,-33.05096],[-71.614154,-33.050841],[-71.614154,-33.050804],[-71.614154,-33.050722],[-71.614183,-33.050634],[-71.61424,-33.050544],[-71.614333,-33.050482],[-71.614612,-33.050367],[-71.614747,-33.050322],[-71.615023,-33.050248],[-71.615172,-33.050178],[-71.615338,-33.050113],[-71.615423,-33.050066],[-71.615473,-33.050026],[-71.615513,-33.049977],[-71.615593,-33.049841],[-71.615638,-33.049786],[-71.615693,-33.049749],[-71.615775,-33.049711],[-71.615831,-33.049694],[-71.615871,-33.049694],[-71.615913,-33.049721],[-71.616092,-33.049908],[-71.616154,-33.050014],[-71.616177,-33.050094],[-71.616177,-33.050183],[-71.61615,-33.050254],[-71.616079,-33.050358],[-71.616069,-33.050397],[-71.616077,-33.050448],[-71.616117,-33.050535],[-71.61614,-33.050602],[-71.616163,-33.050642],[-71.616183,-33.05066],[-71.616225,-33.05066],[-71.616267,-33.050641],[-71.616426,-33.050511],[-71.616612,-33.050398],[-71.616731,-33.050336],[-71.616945,-33.050239],[-71.617091,-33.050187],[-71.61721,-33.050137],[-71.617279,-33.050087],[-71.617345,-33.050023],[-71.617452,-33.049935],[-71.617559,-33.049878],[-71.617712,-33.049828],[-71.617828,-33.049804],[-71.618033,-33.049804],[-71.618187,-33.049835],[-71.618728,-33.050062],[-71.61898,-33.050196],[-71.619024,-33.050221],[-71.619096,-33.050261],[-71.61918,-33.050277],[-71.619239,-33.050258],[-71.619289,-33.050208],[-71.619353,-33.05013],[-71.619391,-33.050035],[-71.61943,-33.049906],[-71.619465,-33.049699],[-71.619546,-33.049392],[-71.619582,-33.049233],[-71.619599,-33.048966],[-71.619632,-33.048795],[-71.619687,-33.048664],[-71.619739,-33.048588],[-71.619798,-33.048524],[-71.619901,-33.048452],[-71.62007,-33.04839],[-71.620295,-33.048352],[-71.620333,-33.048352],[-71.620358,-33.048335],[-71.620386,-33.048301],[-71.620397,-33.048253],[-71.620401,-33.048239],[-71.620448,-33.048107],[-71.620519,-33.047981],[-71.620634,-33.047879],[-71.620753,-33.047807],[-71.621024,-33.047696],[-71.621321,-33.047567],[-71.621604,-33.047446],[-71.621783,-33.04737],[-71.621904,-33.047296],[-71.622037,-33.047173],[-71.622097,-33.047101],[-71.622181,-33.046913],[-71.622304,-33.046732],[-71.622394,-33.046551],[-71.622596,-33.046274],[-71.622615,-33.046235],[-71.622628,-33.046187],[-71.622662,-33.046043],[-71.622711,-33.045963],[-71.622783,-33.045883],[-71.622883,-33.045821],[-71.622976,-33.045793],[-71.623036,-33.045794],[-71.623086,-33.045823],[-71.623129,-33.045894],[-71.623162,-33.045971],[-71.623211,-33.046057],[-71.623347,-33.046364],[-71.623412,-33.046587],[-71.623444,-33.046734],[-71.623489,-33.046902],[-71.623517,-33.046965],[-71.623552,-33.046995],[-71.623596,-33.046999],[-71.623623,-33.046976],[-71.623643,-33.046959],[-71.62369,-33.046874],[-71.623781,-33.046621],[-71.623831,-33.04641],[-71.623861,-33.046335],[-71.623888,-33.046292],[-71.623943,-33.04626],[-71.624011,-33.046245],[-71.624067,-33.046251],[-71.62426,-33.046328],[-71.624337,-33.046351],[-71.624411,-33.046357],[-71.624468,-33.046368],[-71.624477,-33.04637],[-71.624528,-33.046394],[-71.624558,-33.046442],[-71.624572,-33.046504],[-71.624572,-33.046534],[-71.624551,-33.046606],[-71.624515,-33.04667],[-71.624473,-33.046749],[-71.62445,-33.04683],[-71.624448,-33.046917],[-71.62446,-33.047036],[-71.624485,-33.047131],[-71.624528,-33.047225],[-71.6246,-33.047287],[-71.624727,-33.047357],[-71.624871,-33.047405],[-71.625062,-33.047448],[-71.62519,-33.047467],[-71.625238,-33.047465],[-71.625304,-33.047447],[-71.625331,-33.047424],[-71.625337,-33.047407],[-71.625339,-33.047402],[-71.625331,-33.047334],[-71.625291,-33.047278],[-71.625168,-33.047195],[-71.625057,-33.047128],[-71.624969,-33.047057],[-71.624917,-33.046984],[-71.62489,-33.046916],[-71.62488,-33.046863],[-71.624884,-33.046774],[-71.624898,-33.046663],[-71.624948,-33.046469],[-71.624962,-33.046333],[-71.624958,-33.046205],[-71.624942,-33.046071],[-71.624926,-33.046007],[-71.62488,-33.045939],[-71.624832,-33.045894],[-71.62479,-33.04587],[-71.624591,-33.045764],[-71.624521,-33.045692],[-71.624476,-33.045618],[-71.62445,-33.045542],[-71.624438,-33.045471],[-71.624436,-33.045389],[-71.62444,-33.045312],[-71.624495,-33.045127],[-71.624504,-33.045087],[-71.624496,-33.044992],[-71.624468,-33.044883],[-71.624422,-33.04475],[-71.624419,-33.044705],[-71.624442,-33.044561],[-71.624502,-33.044386],[-71.624521,-33.044298],[-71.624521,-33.044248],[-71.624489,-33.044112],[-71.624493,-33.044068],[-71.624514,-33.044017],[-71.62455,-33.043963],[-71.624608,-33.043903],[-71.624655,-33.043866],[-71.624744,-33.043817],[-71.624823,-33.043791],[-71.624903,-33.043776],[-71.624969,-33.043773],[-71.625063,-33.043782],[-71.625151,-33.043802],[-71.625191,-33.043826],[-71.6253,-33.043938],[-71.625359,-33.043977],[-71.625558,-33.044056],[-71.625644,-33.044106],[-71.625784,-33.044222],[-71.62585,-33.044293],[-71.625906,-33.044335],[-71.626144,-33.044425],[-71.626229,-33.044445],[-71.626303,-33.044459],[-71.626399,-33.044477],[-71.626685,-33.044513],[-71.626934,-33.04452],[-71.627084,-33.044513],[-71.627227,-33.044513],[-71.627291,-33.044503],[-71.627327,-33.044482],[-71.627341,-33.044451],[-71.627341,-33.044425],[-71.627313,-33.044403],[-71.627213,-33.044372],[-71.627099,-33.044349],[-71.626977,-33.04432],[-71.626863,-33.044273],[-71.62678,-33.044223],[-71.626547,-33.044023],[-71.626476,-33.043981],[-71.626367,-33.043933],[-71.626244,-33.043878],[-71.626187,-33.043844],[-71.626159,-33.043782],[-71.626118,-33.043671],[-71.626111,-33.043575],[-71.626144,-33.043441],[-71.626149,-33.043407],[-71.626141,-33.043349],[-71.626099,-33.043258],[-71.626092,-33.043248],[-71.62605,-33.043192],[-71.626002,-33.043152],[-71.625894,-33.04308],[-71.625779,-33.043036],[-71.625651,-33.043021],[-71.625424,-33.043019],[-71.625282,-33.042997],[-71.625197,-33.042964],[-71.625098,-33.042887],[-71.625057,-33.042838],[-71.625,-33.042721],[-71.624971,-33.042626],[-71.624955,-33.042495],[-71.62494,-33.042447],[-71.624923,-33.042423],[-71.624882,-33.042397],[-71.6248,-33.042293],[-71.624779,-33.042214],[-71.624791,-33.042102],[-71.624826,-33.041988],[-71.62489,-33.041869],[-71.624957,-33.041774],[-71.625009,-33.041715],[-71.625069,-33.041691],[-71.625133,-33.041684],[-71.625205,-33.041691],[-71.625324,-33.041727],[-71.625421,-33.041771],[-71.625478,-33.041778],[-71.625508,-33.041769],[-71.625546,-33.04173],[-71.62563,-33.041672],[-71.625695,-33.041634],[-71.625783,-33.041605],[-71.625871,-33.041605],[-71.625942,-33.041598],[-71.626011,-33.041579],[-71.626064,-33.041536],[-71.626121,-33.04146],[-71.626178,-33.041379],[-71.626242,-33.041286],[-71.626323,-33.041201],[-71.626423,-33.04112],[-71.626592,-33.04101],[-71.626689,-33.040977],[-71.626825,-33.040934],[-71.626999,-33.040908],[-71.627151,-33.040896],[-71.627306,-33.040896],[-71.627456,-33.040915],[-71.62761,-33.040953],[-71.627965,-33.041096],[-71.628029,-33.041107],[-71.628127,-33.041097],[-71.628214,-33.041071],[-71.628253,-33.041046],[-71.628255,-33.041044],[-71.628269,-33.041003],[-71.628244,-33.040957],[-71.628201,-33.040911],[-71.628037,-33.040801],[-71.62799,-33.040758],[-71.627944,-33.04069],[-71.627937,-33.040586],[-71.627956,-33.04039],[-71.627973,-33.040358],[-71.628018,-33.040314],[-71.628097,-33.040255],[-71.628452,-33.04007],[-71.628792,-33.0399],[-71.628981,-33.039862],[-71.629146,-33.039862],[-71.629319,-33.039903],[-71.629429,-33.039944],[-71.629507,-33.03996],[-71.629719,-33.039959],[-71.629961,-33.039944],[-71.630075,-33.039953],[-71.630264,-33.040007],[-71.630353,-33.040047],[-71.630473,-33.040083],[-71.630627,-33.040106],[-71.630783,-33.04013],[-71.630959,-33.04018],[-71.631098,-33.040247],[-71.631183,-33.040326],[-71.63125,-33.040456],[-71.631355,-33.040661],[-71.63144,-33.0408],[-71.631492,-33.040871],[-71.631551,-33.040898],[-71.631587,-33.040898],[-71.631624,-33.040882],[-71.63165,-33.040871],[-71.631697,-33.040835],[-71.631728,-33.040787],[-71.631752,-33.040736],[-71.631758,-33.040667],[-71.631747,-33.04058],[-71.631733,-33.040443],[-71.631693,-33.040254],[-71.631636,-33.040005],[-71.631621,-33.039892],[-71.631583,-33.039778],[-71.631492,-33.039641],[-71.631377,-33.039554],[-71.631238,-33.039487],[-71.630974,-33.039367],[-71.630321,-33.039017],[-71.630157,-33.038941],[-71.630041,-33.038851],[-71.629971,-33.038737],[-71.629957,-33.038672],[-71.629963,-33.038602],[-71.62999,-33.038526],[-71.630039,-33.038467],[-71.630132,-33.038393],[-71.630172,-33.038366],[-71.6302,-33.038339],[-71.630353,-33.038144],[-71.630398,-33.038076],[-71.630429,-33.037998],[-71.630542,-33.037603],[-71.63058,-33.037446],[-71.630606,-33.037379],[-71.630646,-33.037334],[-71.630696,-33.037305],[-71.630756,-33.037301],[-71.63082,-33.037308],[-71.630889,-33.037336],[-71.631003,-33.037386],[-71.631175,-33.037467],[-71.631329,-33.037567],[-71.631677,-33.037793],[-71.631917,-33.037957],[-71.632112,-33.038141],[-71.632238,-33.038281],[-71.632345,-33.038445],[-71.632442,-33.038618],[-71.632469,-33.038662],[-71.632536,-33.038737],[-71.632585,-33.038776],[-71.632743,-33.038881],[-71.632935,-33.038981],[-71.63315,-33.039057],[-71.633383,-33.039149],[-71.633618,-33.039208],[-71.633681,-33.039212],[-71.633871,-33.039207],[-71.633982,-33.039219],[-71.634087,-33.039245],[-71.634227,-33.039304],[-71.634287,-33.039345],[-71.634382,-33.039473],[-71.63457,-33.039708],[-71.634571,-33.03971],[-71.634611,-33.03973],[-71.634705,-33.039685],[-71.634832,-33.039649],[-71.634885,-33.039611],[-71.634882,-33.039562],[-71.634627,-33.039128],[-71.634565,-33.038993],[-71.634515,-33.038897],[-71.634456,-33.038826],[-71.634389,-33.038797],[-71.634254,-33.038766],[-71.634125,-33.038738],[-71.634054,-33.038707],[-71.633987,-33.038652],[-71.633939,-33.03859],[-71.633899,-33.038455],[-71.633892,-33.038367],[-71.633892,-33.038283],[-71.633892,-33.03816],[-71.63389,-33.038055],[-71.633847,-33.03791],[-71.633714,-33.037685],[-71.633672,-33.03764],[-71.633526,-33.037518],[-71.633486,-33.03749],[-71.633173,-33.037255],[-71.633035,-33.037114],[-71.632986,-33.037044],[-71.632965,-33.036997],[-71.632962,-33.03696],[-71.632969,-33.036917],[-71.632999,-33.036871],[-71.633025,-33.03685],[-71.633296,-33.036812],[-71.633415,-33.036786],[-71.633444,-33.036773],[-71.633485,-33.036727],[-71.633486,-33.036726],[-71.633513,-33.036604],[-71.633489,-33.036424],[-71.633428,-33.036269],[-71.633356,-33.036139],[-71.63328,-33.036057],[-71.633176,-33.036002],[-71.632697,-33.035892],[-71.632581,-33.035884],[-71.632423,-33.035841],[-71.632375,-33.035821],[-71.632317,-33.035796],[-71.632268,-33.035739],[-71.632254,-33.035679],[-71.632258,-33.03562],[-71.632348,-33.035481],[-71.632432,-33.035402],[-71.632611,-33.035284],[-71.632661,-33.03524],[-71.632692,-33.03519],[-71.632695,-33.035145],[-71.632681,-33.035103],[-71.632651,-33.03506],[-71.632651,-33.03506],[-71.632627,-33.035037],[-71.6326,-33.035025],[-71.632581,-33.035021],[-71.632538,-33.035028],[-71.632309,-33.035111],[-71.632154,-33.035148],[-71.631973,-33.035165],[-71.631787,-33.035153],[-71.631535,-33.035115],[-71.631347,-33.035074],[-71.63128,-33.035053],[-71.631207,-33.035],[-71.631176,-33.034961],[-71.631139,-33.034857],[-71.631133,-33.034793],[-71.631158,-33.034581],[-71.631177,-33.034521],[-71.631205,-33.034471],[-71.631294,-33.034354],[-71.631438,-33.03423],[-71.631507,-33.03419],[-71.631704,-33.034112],[-71.631762,-33.034069],[-71.63218,-33.033516],[-71.632209,-33.033477],[-71.632237,-33.033439],[-71.632237,-33.033406],[-71.632227,-33.033392],[-71.632206,-33.033375],[-71.632165,-33.033373],[-71.632118,-33.033382],[-71.63202,-33.033423],[-71.631671,-33.033551],[-71.631195,-33.03372],[-71.631116,-33.033738],[-71.630934,-33.033752],[-71.63083,-33.033748],[-71.63069,-33.033716],[-71.630557,-33.033657],[-71.630422,-33.033571],[-71.630338,-33.033495],[-71.630285,-33.033436],[-71.630155,-33.033225],[-71.63008,-33.033075],[-71.630022,-33.03294],[-71.629943,-33.032644],[-71.629927,-33.032527],[-71.629938,-33.032441],[-71.62998,-33.03228],[-71.629998,-33.032176],[-71.630002,-33.032088],[-71.629995,-33.031905],[-71.630011,-33.031711],[-71.630026,-33.03163],[-71.630065,-33.031492],[-71.6301,-33.031324],[-71.630126,-33.031249],[-71.630173,-33.03116],[-71.630256,-33.031045],[-71.630291,-33.030965],[-71.630333,-33.03083],[-71.630336,-33.030821],[-71.630311,-33.030779],[-71.630191,-33.030629],[-71.629994,-33.030463],[-71.629777,-33.030234],[-71.629689,-33.03019],[-71.629518,-33.030154],[-71.629477,-33.03014],[-71.629342,-33.030068],[-71.629267,-33.030015],[-71.629226,-33.029967],[-71.629179,-33.029875],[-71.629151,-33.029792],[-71.629135,-33.029696],[-71.629138,-33.029584],[-71.62916,-33.029448],[-71.629237,-33.029229],[-71.629286,-33.029005],[-71.62935,-33.028835],[-71.629351,-33.028765],[-71.629336,-33.028623],[-71.629341,-33.028571],[-71.629378,-33.02847],[-71.629427,-33.028386],[-71.629472,-33.028353],[-71.629519,-33.028344],[-71.629694,-33.02835],[-71.62984,-33.028333],[-71.629969,-33.028299],[-71.630289,-33.028192],[-71.630468,-33.02819],[-71.63051,-33.028183],[-71.630603,-33.028146],[-71.630803,-33.028048],[-71.6309,-33.028017],[-71.631017,-33.02799],[-71.631056,-33.027972],[-71.631083,-33.027942],[-71.631112,-33.027802],[-71.631277,-33.027442],[-71.631358,-33.027222],[-71.631431,-33.027101],[-71.631524,-33.027001],[-71.631629,-33.026941],[-71.631863,-33.026858],[-71.632013,-33.02678],[-71.632092,-33.026726],[-71.632137,-33.026681],[-71.632228,-33.026591],[-71.632298,-33.02648],[-71.632359,-33.026301],[-71.632425,-33.026091],[-71.632438,-33.025992],[-71.632436,-33.025894],[-71.632436,-33.025825],[-71.63245,-33.025754],[-71.632481,-33.025697],[-71.632524,-33.025654],[-71.632581,-33.025623],[-71.632828,-33.025566],[-71.632898,-33.02555],[-71.632951,-33.025513],[-71.633042,-33.025423],[-71.633093,-33.025369],[-71.633141,-33.0253],[-71.63316,-33.02524],[-71.63315,-33.025125],[-71.633157,-33.025039],[-71.633227,-33.024757],[-71.63324,-33.024674],[-71.633244,-33.024472],[-71.633231,-33.024288],[-71.633281,-33.024131],[-71.633284,-33.023975],[-71.633275,-33.023902],[-71.633261,-33.02386],[-71.633166,-33.023617],[-71.63314,-33.023446],[-71.633135,-33.023322],[-71.633147,-33.023134],[-71.63319,-33.023025],[-71.633235,-33.022958],[-71.633387,-33.022848],[-71.633548,-33.022769],[-71.633621,-33.022736],[-71.633847,-33.022646],[-71.633994,-33.022651],[-71.634125,-33.022677],[-71.634277,-33.022718],[-71.634476,-33.022763],[-71.634544,-33.022758],[-71.634562,-33.022745],[-71.634584,-33.02273],[-71.634591,-33.022675],[-71.634577,-33.02262],[-71.634529,-33.022534],[-71.634437,-33.022408],[-71.634337,-33.02223],[-71.63427,-33.022039],[-71.634256,-33.021816],[-71.634252,-33.021788],[-71.63424,-33.021765],[-71.633988,-33.021553],[-71.633758,-33.021337],[-71.633703,-33.02127],[-71.633671,-33.021192],[-71.633663,-33.021125],[-71.633668,-33.020963],[-71.633675,-33.020906],[-71.633702,-33.020825],[-71.633756,-33.02073],[-71.633823,-33.020641],[-71.633863,-33.020594],[-71.633927,-33.020542],[-71.633982,-33.020506],[-71.634075,-33.020463],[-71.634256,-33.020404],[-71.634524,-33.020352],[-71.634612,-33.020347],[-71.634728,-33.020352],[-71.63481,-33.020337],[-71.634843,-33.020321],[-71.634894,-33.020277],[-71.634996,-33.020198],[-71.635097,-33.02015],[-71.63523,-33.020129],[-71.635403,-33.020127],[-71.635521,-33.020134],[-71.635654,-33.02016],[-71.635748,-33.020193],[-71.635817,-33.020243],[-71.63589,-33.020368],[-71.635918,-33.020441],[-71.636021,-33.020602],[-71.636066,-33.020645],[-71.636126,-33.020684],[-71.636324,-33.020776],[-71.636499,-33.020827],[-71.636592,-33.020837],[-71.636682,-33.020836],[-71.636789,-33.020828],[-71.63687,-33.020813],[-71.636954,-33.020774],[-71.636991,-33.020734],[-71.637016,-33.020683],[-71.637053,-33.020562],[-71.637071,-33.020529],[-71.637129,-33.020464],[-71.637269,-33.020343],[-71.637329,-33.020253],[-71.63737,-33.020096],[-71.637426,-33.019941],[-71.637439,-33.019878],[-71.637434,-33.019831],[-71.637375,-33.019692],[-71.637375,-33.019647],[-71.637406,-33.019567],[-71.637447,-33.01951],[-71.637539,-33.019422],[-71.637635,-33.019381],[-71.637752,-33.01937],[-71.637812,-33.019378],[-71.637883,-33.019408],[-71.638081,-33.019506],[-71.638389,-33.019691],[-71.638475,-33.019718],[-71.63855,-33.019718],[-71.638613,-33.019704],[-71.63866,-33.019677],[-71.638703,-33.019628],[-71.63875,-33.01957],[-71.638807,-33.019536],[-71.638875,-33.019524],[-71.638957,-33.019527],[-71.639115,-33.019575],[-71.639409,-33.019715],[-71.63957,-33.019773],[-71.639616,-33.019795],[-71.639698,-33.019859],[-71.639759,-33.019924],[-71.639785,-33.020031],[-71.639806,-33.020144],[-71.63978,-33.020608],[-71.639799,-33.020727],[-71.6398,-33.02074],[-71.63982,-33.020769],[-71.639839,-33.020786],[-71.639998,-33.020935],[-71.64006,-33.020988],[-71.64029,-33.021143],[-71.640365,-33.021179],[-71.640418,-33.02119],[-71.640508,-33.021187],[-71.640563,-33.02117],[-71.640691,-33.021088],[-71.640829,-33.020976],[-71.640922,-33.020936],[-71.640969,-33.020935],[-71.640998,-33.020952],[-71.64101,-33.020969],[-71.641038,-33.021138],[-71.641045,-33.021231],[-71.641034,-33.021409],[-71.64104,-33.021435],[-71.641045,-33.021452],[-71.641207,-33.021698],[-71.641457,-33.021983],[-71.641787,-33.022284],[-71.642087,-33.022602],[-71.642224,-33.02281],[-71.642293,-33.022997],[-71.642325,-33.023173],[-71.642325,-33.023342],[-71.642308,-33.023485],[-71.642275,-33.023708],[-71.642224,-33.023881],[-71.642132,-33.024065],[-71.641974,-33.024336],[-71.641773,-33.024648],[-71.641738,-33.024692],[-71.641728,-33.024741],[-71.641734,-33.024748],[-71.641793,-33.024787],[-71.64189,-33.02481],[-71.641936,-33.02481],[-71.641967,-33.024797],[-71.642189,-33.024544],[-71.642305,-33.024446],[-71.642554,-33.024282],[-71.642905,-33.024032],[-71.643355,-33.023687],[-71.64369,-33.023499],[-71.643818,-33.023446],[-71.643873,-33.023413],[-71.644022,-33.023292],[-71.644164,-33.023209],[-71.644279,-33.023164],[-71.644482,-33.023104],[-71.644614,-33.023051],[-71.644705,-33.023006],[-71.644798,-33.022942],[-71.644855,-33.022891],[-71.644933,-33.022807],[-71.645153,-33.02253],[-71.645246,-33.022399],[-71.645421,-33.022123],[-71.645474,-33.022085],[-71.645521,-33.022074],[-71.64559,-33.02207],[-71.645731,-33.022081],[-71.64579,-33.022073],[-71.645874,-33.022044],[-71.645928,-33.022012],[-71.645972,-33.021969],[-71.646016,-33.021889],[-71.646056,-33.021812],[-71.646104,-33.021746],[-71.64618,-33.021683],[-71.646263,-33.021649],[-71.646351,-33.021632],[-71.646439,-33.021632],[-71.646557,-33.021659],[-71.646607,-33.021683],[-71.646692,-33.021737],[-71.646737,-33.02178],[-71.646818,-33.021887],[-71.64689,-33.021947],[-71.646932,-33.021966]]},"properties":{"OBJECTID":138,"fuente":"Cota 30","tipo":"Límite de área de evacuación","cine_prov":"051","cine_com":"05101","nom_com":"Valparaíso","nom_prov":"Valparaíso","nom_reg":"Valparaíso","cine_reg":"05","Shape__Length":0.19983265115575827}},{"type":"Feature","id":167,"geometry":{"type":"LineString","coordinates":[[-71.550558,-32.944754],[-71.550505,-32.94484],[-71.55041,-32.945014],[-71.55028,-32.945312],[-71.550156,-32.945511],[-71.550078,-32.945581],[-71.549817,-32.945732],[-71.549639,-32.945804],[-71.549583,-32.94584],[-71.54945,-32.945976],[-71.549388,-32.946028],[-71.548914,-32.946387],[-71.548736,-32.946568],[-71.548666,-32.946659],[-71.548644,-32.946702],[-71.548624,-32.946772],[-71.5486,-32.946972],[-71.548549,-32.947116],[-71.548528,-32.947333],[-71.548502,-32.94743],[-71.548443,-32.947538],[-71.548283,-32.947737],[-71.54821,-32.947848],[-71.548114,-32.948052],[-71.548069,-32.948187],[-71.548056,-32.948269],[-71.548054,-32.948333],[-71.548099,-32.948675],[-71.54811,-32.948968],[-71.548042,-32.949207],[-71.548004,-32.949502],[-71.547995,-32.949679],[-71.548014,-32.949849],[-71.548012,-32.949937],[-71.547996,-32.949995],[-71.54793,-32.950136],[-71.547878,-32.950305],[-71.547831,-32.950394],[-71.547787,-32.950441],[-71.547706,-32.950494],[-71.547544,-32.95058],[-71.547477,-32.950626],[-71.547273,-32.950783],[-71.54725,-32.950804],[-71.547221,-32.950848],[-71.547207,-32.950905],[-71.547224,-32.951073],[-71.547223,-32.951118],[-71.547209,-32.951172],[-71.54713,-32.951319],[-71.547057,-32.951483],[-71.546811,-32.951855],[-71.546715,-32.95203],[-71.546664,-32.952178],[-71.546626,-32.952331],[-71.54662,-32.952391],[-71.546627,-32.952511],[-71.546618,-32.952562],[-71.546568,-32.952645],[-71.546521,-32.95269],[-71.546464,-32.952724],[-71.546313,-32.952795],[-71.54626,-32.952834],[-71.546217,-32.952882],[-71.546174,-32.952976],[-71.546098,-32.953237],[-71.54599,-32.953557],[-71.545971,-32.953645],[-71.54597,-32.953759],[-71.545983,-32.953826],[-71.546045,-32.953957],[-71.546074,-32.954056],[-71.546079,-32.95414],[-71.546065,-32.954323],[-71.54608,-32.954453],[-71.546124,-32.954566],[-71.546272,-32.954809],[-71.546307,-32.954902],[-71.546313,-32.954989],[-71.54628,-32.955175],[-71.546285,-32.955246],[-71.546324,-32.955311],[-71.546443,-32.955459],[-71.546479,-32.955526],[-71.546502,-32.9556],[-71.546531,-32.95576],[-71.546578,-32.955867],[-71.546766,-32.956084],[-71.546837,-32.956155],[-71.546907,-32.956213],[-71.547295,-32.956439],[-71.547462,-32.956524],[-71.54763,-32.95659],[-71.547962,-32.956714],[-71.548079,-32.956763],[-71.548228,-32.956838],[-71.548434,-32.956987],[-71.548599,-32.957185],[-71.548695,-32.957376],[-71.54871,-32.957516],[-71.548708,-32.957674],[-71.548665,-32.957867],[-71.548548,-32.95815],[-71.547965,-32.958974],[-71.547602,-32.959445],[-71.5473,-32.959785],[-71.547051,-32.960093],[-71.546906,-32.960318],[-71.546783,-32.960567],[-71.546608,-32.961081],[-71.546586,-32.961164],[-71.546536,-32.96131],[-71.546329,-32.961924],[-71.546278,-32.962076],[-71.545976,-32.962687],[-71.545863,-32.962979],[-71.545803,-32.963226],[-71.545705,-32.963562],[-71.545619,-32.963865],[-71.545512,-32.964305],[-71.545447,-32.964641],[-71.545441,-32.964675],[-71.545322,-32.96524],[-71.545263,-32.965753],[-71.545206,-32.966195],[-71.545164,-32.966545],[-71.545034,-32.967125],[-71.544935,-32.967475],[-71.544887,-32.967693],[-71.54481,-32.967925],[-71.544707,-32.968118],[-71.544638,-32.968214],[-71.544431,-32.968383],[-71.544239,-32.968497],[-71.543982,-32.968645],[-71.543671,-32.968818],[-71.543411,-32.968969],[-71.543002,-32.96922],[-71.542829,-32.969296],[-71.542678,-32.969354],[-71.542502,-32.969424],[-71.54239,-32.969489],[-71.542364,-32.969515],[-71.542309,-32.96957],[-71.542231,-32.969655],[-71.542148,-32.969712],[-71.542015,-32.969768],[-71.541776,-32.969815],[-71.541388,-32.969917],[-71.541294,-32.969947],[-71.541015,-32.97012],[-71.540943,-32.970157],[-71.540763,-32.970224],[-71.540673,-32.97027],[-71.540665,-32.970275],[-71.540538,-32.97036],[-71.540457,-32.970445],[-71.540401,-32.970493],[-71.540259,-32.970577],[-71.540135,-32.970678],[-71.540078,-32.970754],[-71.539983,-32.970929],[-71.539907,-32.971014],[-71.539816,-32.97108],[-71.539631,-32.971175],[-71.539586,-32.971211],[-71.539548,-32.971263],[-71.539491,-32.971307],[-71.539389,-32.971329],[-71.539192,-32.971347],[-71.539101,-32.971342],[-71.539094,-32.97134],[-71.539021,-32.971319],[-71.538959,-32.971285],[-71.53891,-32.971246],[-71.538725,-32.971028],[-71.538593,-32.970895],[-71.538385,-32.970794],[-71.538045,-32.970725],[-71.537647,-32.970666],[-71.537302,-32.97063],[-71.536845,-32.97057],[-71.536493,-32.970512],[-71.536153,-32.970452],[-71.535716,-32.970374],[-71.535626,-32.970358],[-71.535221,-32.97029],[-71.534946,-32.970271],[-71.534721,-32.970226],[-71.534471,-32.970192],[-71.533881,-32.970095],[-71.533504,-32.970003],[-71.533257,-32.969898],[-71.532974,-32.969717],[-71.53269,-32.969464],[-71.532298,-32.969072],[-71.531979,-32.968754],[-71.531912,-32.968691],[-71.531537,-32.968386],[-71.530965,-32.968003],[-71.529976,-32.967258],[-71.529571,-32.967035],[-71.529208,-32.966905],[-71.52899,-32.96686],[-71.528782,-32.966858],[-71.528639,-32.966892],[-71.528506,-32.966954],[-71.528403,-32.967059],[-71.528348,-32.967188],[-71.528259,-32.967701],[-71.528256,-32.967766],[-71.52828,-32.967881],[-71.528319,-32.96797],[-71.528367,-32.96805],[-71.528654,-32.968311],[-71.528992,-32.968644],[-71.529327,-32.968897],[-71.529789,-32.969244],[-71.530251,-32.969542],[-71.530688,-32.969836],[-71.53077,-32.96991],[-71.530816,-32.970026],[-71.530813,-32.970116],[-71.530786,-32.970235],[-71.530723,-32.970381],[-71.530615,-32.970535],[-71.53046,-32.970672],[-71.530421,-32.970692],[-71.53003,-32.970891],[-71.529862,-32.970982],[-71.52965,-32.971062],[-71.529312,-32.971153],[-71.529089,-32.971218],[-71.528866,-32.971279],[-71.528552,-32.971346],[-71.52802,-32.971423],[-71.527786,-32.97144],[-71.527637,-32.971442],[-71.527543,-32.971419],[-71.527427,-32.971386],[-71.527256,-32.971327],[-71.52717,-32.971283],[-71.527029,-32.971178],[-71.526969,-32.971081],[-71.526908,-32.970915],[-71.526864,-32.970786],[-71.526819,-32.970671],[-71.526738,-32.970574],[-71.526644,-32.970535],[-71.526559,-32.970527],[-71.52641,-32.970553],[-71.526208,-32.970648],[-71.525824,-32.970876],[-71.525217,-32.971188],[-71.52499,-32.971288],[-71.524977,-32.971294],[-71.524838,-32.971314],[-71.524689,-32.971318],[-71.52456,-32.971273],[-71.524439,-32.971198],[-71.524211,-32.971033],[-71.524184,-32.971016],[-71.524158,-32.97101],[-71.524094,-32.97102],[-71.524057,-32.971047],[-71.523956,-32.971158],[-71.523862,-32.971224],[-71.523758,-32.971269],[-71.523636,-32.971298],[-71.523494,-32.971306],[-71.523286,-32.971303],[-71.523138,-32.971287],[-71.523005,-32.971248],[-71.522877,-32.971179],[-71.522778,-32.971083],[-71.522253,-32.970269],[-71.522218,-32.970227],[-71.522166,-32.970188],[-71.52206,-32.970141],[-71.522021,-32.970132],[-71.521971,-32.970132],[-71.521907,-32.970158],[-71.521882,-32.970176],[-71.521865,-32.970203],[-71.52184,-32.970278],[-71.521847,-32.970326],[-71.521883,-32.970431],[-71.521892,-32.970487],[-71.521891,-32.970623],[-71.521872,-32.970814],[-71.521883,-32.9709],[-71.521933,-32.971078],[-71.521951,-32.971192],[-71.521972,-32.971244],[-71.522033,-32.971309],[-71.522258,-32.971492],[-71.52229,-32.97153],[-71.5224,-32.971712],[-71.522439,-32.971761],[-71.522485,-32.971804],[-71.522559,-32.97185],[-71.522602,-32.971864],[-71.522677,-32.971876],[-71.522818,-32.971884],[-71.522873,-32.971897],[-71.522918,-32.971919],[-71.522966,-32.971956],[-71.523058,-32.972072],[-71.52314,-32.972197],[-71.523167,-32.972249],[-71.523191,-32.97234],[-71.523182,-32.972417],[-71.523146,-32.972505],[-71.523103,-32.972569],[-71.523029,-32.972626],[-71.522967,-32.972658],[-71.522918,-32.972673],[-71.522792,-32.972697],[-71.522513,-32.972719],[-71.522286,-32.972761],[-71.522192,-32.972787],[-71.521969,-32.97289],[-71.521887,-32.972913],[-71.521774,-32.972909],[-71.521543,-32.972855],[-71.52145,-32.972849],[-71.521368,-32.972863],[-71.521269,-32.972893],[-71.521203,-32.972923],[-71.521193,-32.972953],[-71.521197,-32.972971],[-71.521253,-32.973017],[-71.521328,-32.973059],[-71.521568,-32.97317],[-71.521704,-32.973242],[-71.521775,-32.973271],[-71.521838,-32.973288],[-71.521947,-32.973304],[-71.522207,-32.973339],[-71.522296,-32.973378],[-71.52233,-32.973413],[-71.522357,-32.973477],[-71.522359,-32.973549],[-71.522336,-32.973611],[-71.522277,-32.973682],[-71.52219,-32.973749],[-71.522089,-32.973803],[-71.521839,-32.973895],[-71.521528,-32.973953],[-71.521383,-32.973972],[-71.521002,-32.973982],[-71.520963,-32.973993],[-71.520935,-32.974016],[-71.52092,-32.974055],[-71.520911,-32.974142],[-71.520896,-32.974192],[-71.520848,-32.974234],[-71.52074,-32.974279],[-71.520521,-32.97432],[-71.520324,-32.974337],[-71.520214,-32.97434],[-71.520083,-32.974321],[-71.519901,-32.974255],[-71.519853,-32.974247],[-71.519831,-32.974253],[-71.519807,-32.974274],[-71.519797,-32.974327],[-71.519808,-32.974415],[-71.519845,-32.974502],[-71.519905,-32.974567],[-71.519971,-32.974619],[-71.520033,-32.974647],[-71.520441,-32.974732],[-71.520532,-32.974771],[-71.520564,-32.974821],[-71.520573,-32.974853],[-71.52058,-32.974965],[-71.520594,-32.974996],[-71.520619,-32.975017],[-71.520664,-32.975016],[-71.520713,-32.975],[-71.520928,-32.974857],[-71.520997,-32.974828],[-71.52106,-32.974813],[-71.521212,-32.974805],[-71.521351,-32.974813],[-71.521452,-32.974837],[-71.521533,-32.97487],[-71.521587,-32.974915],[-71.521606,-32.974944],[-71.521614,-32.975001],[-71.521569,-32.975136],[-71.521517,-32.975262],[-71.521394,-32.975453],[-71.521276,-32.975584],[-71.521143,-32.975729],[-71.521029,-32.975836],[-71.520928,-32.97597],[-71.520856,-32.976106],[-71.520791,-32.976318],[-71.520736,-32.976716],[-71.520709,-32.977435],[-71.520673,-32.977624],[-71.520624,-32.977796],[-71.520564,-32.978046],[-71.520529,-32.978149],[-71.520505,-32.978197],[-71.520429,-32.97829],[-71.520308,-32.97838],[-71.520087,-32.978472],[-71.519996,-32.978517],[-71.51995,-32.978563],[-71.519895,-32.978653],[-71.519856,-32.978694],[-71.5198,-32.978724],[-71.51957,-32.978818],[-71.519486,-32.978827],[-71.519345,-32.978819],[-71.51927,-32.978829],[-71.51903,-32.97891],[-71.518729,-32.978985],[-71.518599,-32.978997],[-71.518413,-32.978981],[-71.518323,-32.978983],[-71.518101,-32.979037],[-71.517815,-32.979092],[-71.517642,-32.979141],[-71.517445,-32.97921],[-71.517232,-32.979272],[-71.517208,-32.979294],[-71.517205,-32.979319],[-71.517226,-32.979366],[-71.517292,-32.979434],[-71.517333,-32.979459],[-71.517373,-32.979471],[-71.517469,-32.979484],[-71.517572,-32.979468],[-71.517816,-32.979362],[-71.517896,-32.979346],[-71.517982,-32.97934],[-71.518141,-32.97934],[-71.518372,-32.979352],[-71.518566,-32.979337],[-71.518747,-32.979338],[-71.518942,-32.979319],[-71.519052,-32.979318],[-71.519354,-32.979332],[-71.519593,-32.979364],[-71.519897,-32.979381],[-71.519995,-32.979398],[-71.520048,-32.979423],[-71.520083,-32.97946],[-71.520182,-32.979602],[-71.520309,-32.979704],[-71.5204,-32.979792],[-71.520484,-32.97991],[-71.520625,-32.980182],[-71.520668,-32.980232],[-71.520715,-32.980229],[-71.520759,-32.980166],[-71.520795,-32.98008],[-71.520821,-32.979999],[-71.520838,-32.979915],[-71.520839,-32.979807],[-71.520799,-32.97963],[-71.520787,-32.979532],[-71.520796,-32.979448],[-71.520823,-32.979369],[-71.520848,-32.979325],[-71.520891,-32.979278],[-71.520957,-32.979234],[-71.521095,-32.979165],[-71.521144,-32.979124],[-71.521251,-32.978962],[-71.521447,-32.978753],[-71.521535,-32.978646],[-71.521661,-32.978413],[-71.521717,-32.978285],[-71.521755,-32.978164],[-71.521774,-32.978064],[-71.521798,-32.977741],[-71.521846,-32.977517],[-71.521863,-32.977321],[-71.521898,-32.977114],[-71.521912,-32.976962],[-71.521936,-32.976887],[-71.521966,-32.976839],[-71.52201,-32.976794],[-71.522062,-32.976755],[-71.522154,-32.976711],[-71.522251,-32.976704],[-71.52229,-32.97671],[-71.522357,-32.976734],[-71.522699,-32.976954],[-71.522804,-32.977029],[-71.522999,-32.9772],[-71.52312,-32.977344],[-71.523185,-32.977402],[-71.523236,-32.977433],[-71.523355,-32.977515],[-71.523471,-32.977527],[-71.523528,-32.977508],[-71.523573,-32.977452],[-71.523567,-32.977342],[-71.523457,-32.97716],[-71.522831,-32.976448],[-71.522756,-32.976316],[-71.522724,-32.976174],[-71.522719,-32.976127],[-71.522724,-32.976062],[-71.522745,-32.975998],[-71.522779,-32.975939],[-71.52283,-32.975877],[-71.522898,-32.975811],[-71.52312,-32.975648],[-71.52337,-32.97545],[-71.523549,-32.97533],[-71.52364,-32.975289],[-71.523735,-32.975259],[-71.52384,-32.975241],[-71.523951,-32.975235],[-71.524046,-32.975247],[-71.524117,-32.975269],[-71.524179,-32.975304],[-71.524318,-32.975409],[-71.524383,-32.97545],[-71.524455,-32.975479],[-71.524635,-32.975529],[-71.52472,-32.975568],[-71.524791,-32.975631],[-71.52487,-32.975771],[-71.524934,-32.975809],[-71.525083,-32.975833],[-71.525238,-32.975875],[-71.525337,-32.975889],[-71.525472,-32.975888],[-71.525528,-32.97586],[-71.525542,-32.975825],[-71.525537,-32.975765],[-71.525493,-32.975686],[-71.525435,-32.975619],[-71.52497,-32.975181],[-71.524682,-32.974845],[-71.524638,-32.974744],[-71.524627,-32.974655],[-71.524639,-32.974568],[-71.524672,-32.974504],[-71.524728,-32.974453],[-71.524814,-32.974417],[-71.524959,-32.97441],[-71.525185,-32.974416],[-71.525474,-32.97445],[-71.52571,-32.974472],[-71.525785,-32.974487],[-71.525894,-32.974525],[-71.526029,-32.974594],[-71.526094,-32.974613],[-71.526301,-32.974621],[-71.526431,-32.974644],[-71.52687,-32.974808],[-71.526927,-32.974824],[-71.52699,-32.974827],[-71.527021,-32.97482],[-71.527069,-32.974778],[-71.527307,-32.974596],[-71.527479,-32.974517],[-71.527648,-32.974451],[-71.527819,-32.974429],[-71.527984,-32.974448],[-71.528201,-32.974517],[-71.528437,-32.974631],[-71.528843,-32.974774],[-71.528906,-32.974781],[-71.528987,-32.974764],[-71.529091,-32.974728],[-71.529143,-32.97469],[-71.529171,-32.974642],[-71.529241,-32.974513],[-71.52931,-32.974387],[-71.529431,-32.974265],[-71.529595,-32.974153],[-71.529826,-32.974025],[-71.530061,-32.973901],[-71.53037,-32.973775],[-71.530654,-32.973649],[-71.530919,-32.973564],[-71.531155,-32.973535],[-71.531313,-32.973535],[-71.531412,-32.973542],[-71.53165,-32.973556],[-71.531914,-32.973618],[-71.532026,-32.973659],[-71.532122,-32.973666],[-71.532225,-32.973626],[-71.532348,-32.973534],[-71.532448,-32.973418],[-71.532544,-32.973297],[-71.532643,-32.973214],[-71.532781,-32.973155],[-71.53294,-32.97315],[-71.533182,-32.973171],[-71.533384,-32.973234],[-71.533548,-32.973363],[-71.533686,-32.9736],[-71.533824,-32.97398],[-71.533843,-32.974032],[-71.53399,-32.974505],[-71.534021,-32.974874],[-71.534006,-32.975112],[-71.533972,-32.975254],[-71.533887,-32.975399],[-71.533667,-32.975694],[-71.53343,-32.976107],[-71.533414,-32.976221],[-71.533451,-32.976298],[-71.533506,-32.976333],[-71.533596,-32.97634],[-71.533756,-32.976297],[-71.534103,-32.976111],[-71.534338,-32.975893],[-71.534562,-32.975652],[-71.534842,-32.975445],[-71.535091,-32.975304],[-71.535356,-32.975135],[-71.535451,-32.97505],[-71.535605,-32.974889],[-71.535701,-32.974806],[-71.535787,-32.974759],[-71.535896,-32.974729],[-71.535986,-32.974684],[-71.536019,-32.974598],[-71.536058,-32.97458],[-71.536191,-32.974576],[-71.536305,-32.974586],[-71.536347,-32.974603],[-71.536408,-32.97464],[-71.536527,-32.974683],[-71.536688,-32.974712],[-71.536841,-32.974751],[-71.53753,-32.974825],[-71.537896,-32.974833],[-71.538149,-32.974797],[-71.538598,-32.974748],[-71.538688,-32.974747],[-71.538944,-32.974763],[-71.539185,-32.974752],[-71.53976,-32.974709],[-71.540072,-32.974694],[-71.540297,-32.974733],[-71.540604,-32.974828],[-71.540884,-32.974907],[-71.54111,-32.974913],[-71.541253,-32.974874],[-71.541421,-32.974784],[-71.541585,-32.97464],[-71.541767,-32.974474],[-71.542196,-32.974204],[-71.542564,-32.974062],[-71.542809,-32.974006],[-71.5432,-32.973993],[-71.543438,-32.974],[-71.543544,-32.974027],[-71.543666,-32.974087],[-71.543901,-32.974271],[-71.543957,-32.974315],[-71.544097,-32.974379],[-71.544231,-32.97446],[-71.544321,-32.974502],[-71.544535,-32.974591],[-71.544724,-32.974654],[-71.544818,-32.974698],[-71.544941,-32.974769],[-71.545042,-32.97484],[-71.545113,-32.974907],[-71.545191,-32.975003],[-71.545243,-32.975089],[-71.545287,-32.975223],[-71.545335,-32.975472],[-71.54535,-32.975662],[-71.545349,-32.975725],[-71.545305,-32.976112],[-71.545291,-32.976329],[-71.545253,-32.976614],[-71.545043,-32.977388],[-71.544996,-32.977521],[-71.544963,-32.977654],[-71.544948,-32.977755],[-71.544917,-32.978149],[-71.544925,-32.978376],[-71.544915,-32.978463],[-71.544867,-32.978565],[-71.544742,-32.978737],[-71.544724,-32.97878],[-71.544728,-32.978803],[-71.544743,-32.978827],[-71.544773,-32.978848],[-71.544907,-32.97891],[-71.545001,-32.978981],[-71.545114,-32.979097],[-71.545181,-32.979206],[-71.545225,-32.979253],[-71.545285,-32.97928],[-71.545496,-32.979321],[-71.54563,-32.97936],[-71.545759,-32.979423],[-71.545846,-32.979492],[-71.545925,-32.979591],[-71.546036,-32.979792],[-71.546263,-32.980147],[-71.546299,-32.980229],[-71.546321,-32.98038],[-71.546349,-32.980451],[-71.546422,-32.980537],[-71.546561,-32.98067],[-71.546619,-32.980744],[-71.546753,-32.980974],[-71.546845,-32.981195],[-71.546885,-32.981261],[-71.546965,-32.981347],[-71.547023,-32.981392],[-71.547115,-32.981443],[-71.547327,-32.981524],[-71.547385,-32.981553],[-71.547452,-32.981599],[-71.54752,-32.981667],[-71.547565,-32.981737],[-71.547609,-32.981829],[-71.547654,-32.981972],[-71.547682,-32.98239],[-71.547686,-32.982573],[-71.547727,-32.982705],[-71.547734,-32.982753],[-71.547732,-32.982888],[-71.547747,-32.983059],[-71.547746,-32.983155],[-71.547705,-32.983329],[-71.547661,-32.983431],[-71.547606,-32.98351],[-71.547424,-32.983734],[-71.547269,-32.983874],[-71.547126,-32.983975],[-71.547068,-32.984028],[-71.547023,-32.984099],[-71.546943,-32.984277],[-71.546858,-32.984386],[-71.546828,-32.984441],[-71.546792,-32.984629],[-71.546753,-32.98473],[-71.546707,-32.984819],[-71.546696,-32.984873],[-71.546708,-32.984912],[-71.546758,-32.98497],[-71.546802,-32.985046],[-71.546814,-32.985154],[-71.546793,-32.985305],[-71.546753,-32.985406],[-71.546714,-32.985457],[-71.546639,-32.985514],[-71.546489,-32.985582],[-71.546456,-32.985631],[-71.546447,-32.985692],[-71.546451,-32.985764],[-71.546486,-32.985945],[-71.546486,-32.985998],[-71.546476,-32.986042],[-71.546289,-32.986536],[-71.546246,-32.986609],[-71.546152,-32.986739],[-71.54607,-32.986899],[-71.546015,-32.987054],[-71.545966,-32.987232],[-71.545954,-32.98734],[-71.545952,-32.987629],[-71.545964,-32.98775],[-71.546019,-32.988069],[-71.546022,-32.98814],[-71.546013,-32.988201],[-71.545988,-32.98827],[-71.545944,-32.98832],[-71.545895,-32.988349],[-71.545889,-32.988352],[-71.545803,-32.988386],[-71.545763,-32.988424],[-71.545754,-32.988455],[-71.545752,-32.9885],[-71.545768,-32.988663],[-71.545822,-32.988872],[-71.545828,-32.98892],[-71.545843,-32.989152],[-71.545833,-32.989463],[-71.545843,-32.989557],[-71.545856,-32.989597],[-71.545896,-32.989671],[-71.546171,-32.990109],[-71.546202,-32.990168],[-71.546298,-32.990401],[-71.546347,-32.990605],[-71.546339,-32.99066],[-71.54628,-32.990728],[-71.546148,-32.990779],[-71.545922,-32.990825],[-71.545664,-32.990856],[-71.545453,-32.990895],[-71.545205,-32.990922],[-71.544973,-32.990923],[-71.544798,-32.990908],[-71.544565,-32.990873],[-71.544297,-32.990842],[-71.54405,-32.990809],[-71.54383,-32.990707],[-71.543632,-32.990566],[-71.543473,-32.99044],[-71.543318,-32.990331],[-71.543163,-32.990248],[-71.542974,-32.990168],[-71.542823,-32.990126],[-71.54269,-32.990113],[-71.542583,-32.990108],[-71.542528,-32.99013],[-71.542507,-32.990165],[-71.542521,-32.990244],[-71.542572,-32.990315],[-71.54272,-32.990424],[-71.542869,-32.990528],[-71.543014,-32.990668],[-71.543093,-32.990801],[-71.543153,-32.990934],[-71.543342,-32.991235],[-71.54342,-32.991414],[-71.54345,-32.991534],[-71.543448,-32.991636],[-71.543373,-32.99197],[-71.543281,-32.992108],[-71.543182,-32.992166],[-71.543061,-32.992209],[-71.542919,-32.992259],[-71.542748,-32.992286],[-71.542387,-32.992285],[-71.542253,-32.992287],[-71.542154,-32.992309],[-71.54206,-32.99234],[-71.542023,-32.992364],[-71.541997,-32.992391],[-71.541989,-32.992432],[-71.541992,-32.992452],[-71.542022,-32.992526],[-71.542057,-32.992663],[-71.542119,-32.992795],[-71.542128,-32.992837],[-71.542124,-32.992882],[-71.542082,-32.993018],[-71.542066,-32.993165],[-71.54207,-32.993243],[-71.542109,-32.993523],[-71.542128,-32.993604],[-71.542255,-32.99388],[-71.542442,-32.994352],[-71.542503,-32.99454],[-71.542499,-32.994644],[-71.542464,-32.994771],[-71.542388,-32.994884],[-71.5423,-32.994957],[-71.542183,-32.995028],[-71.542019,-32.9951],[-71.541977,-32.995137],[-71.541963,-32.995187],[-71.541958,-32.995275],[-71.541959,-32.995455],[-71.541918,-32.995616],[-71.541897,-32.995765],[-71.541824,-32.995941],[-71.541736,-32.996039],[-71.541617,-32.996135],[-71.541496,-32.9962],[-71.54132,-32.996256],[-71.541059,-32.996299],[-71.540893,-32.996289],[-71.540786,-32.996254],[-71.54073,-32.996223],[-71.540671,-32.996176],[-71.540589,-32.996097],[-71.54042,-32.995913],[-71.54017,-32.995487],[-71.54012,-32.995384],[-71.540027,-32.995143],[-71.539859,-32.994627],[-71.539736,-32.994198],[-71.539669,-32.99396],[-71.539569,-32.993591],[-71.539451,-32.993287],[-71.539393,-32.993119],[-71.539348,-32.99302],[-71.539306,-32.992952],[-71.539259,-32.992903],[-71.539198,-32.992875],[-71.539148,-32.992866],[-71.539097,-32.992867],[-71.539053,-32.992888],[-71.538965,-32.992911],[-71.538871,-32.992911],[-71.538795,-32.9929],[-71.538753,-32.992896],[-71.538685,-32.992904],[-71.538622,-32.99293],[-71.538569,-32.992974],[-71.538537,-32.993057],[-71.538531,-32.993404],[-71.538541,-32.99359],[-71.538524,-32.993649],[-71.538493,-32.993699],[-71.538418,-32.993787],[-71.53836,-32.993834],[-71.538278,-32.993874],[-71.538103,-32.993922],[-71.538076,-32.993936],[-71.538018,-32.993973],[-71.537992,-32.994018],[-71.538013,-32.994059],[-71.538223,-32.994091],[-71.538451,-32.994102],[-71.538507,-32.994118],[-71.538554,-32.994141],[-71.538594,-32.994178],[-71.53869,-32.994303],[-71.538726,-32.994377],[-71.53874,-32.994456],[-71.53873,-32.994677],[-71.53874,-32.994907],[-71.538729,-32.995009],[-71.53871,-32.995048],[-71.538675,-32.995081],[-71.538574,-32.995138],[-71.538435,-32.995194],[-71.538191,-32.995245],[-71.538062,-32.99526],[-71.537994,-32.995257],[-71.537919,-32.995242],[-71.537569,-32.995129],[-71.537501,-32.995126],[-71.537425,-32.995138],[-71.537236,-32.995178],[-71.53701,-32.995218],[-71.536882,-32.995222],[-71.536733,-32.995213],[-71.53659,-32.995173],[-71.536347,-32.995094],[-71.536307,-32.995079],[-71.536257,-32.995072],[-71.536212,-32.995073],[-71.536155,-32.995086],[-71.53613,-32.995106],[-71.536118,-32.995135],[-71.536114,-32.995313],[-71.536078,-32.995462],[-71.53602,-32.995567],[-71.535935,-32.995644],[-71.535857,-32.995685],[-71.535799,-32.995714],[-71.535754,-32.995763],[-71.535712,-32.995836],[-71.535643,-32.995934],[-71.535554,-32.996027],[-71.535356,-32.996181],[-71.535095,-32.996348],[-71.534809,-32.9965],[-71.53459,-32.996599],[-71.534414,-32.996665],[-71.534235,-32.996703],[-71.534118,-32.996731],[-71.533978,-32.996748],[-71.533842,-32.996749],[-71.533683,-32.996762],[-71.533566,-32.996794],[-71.533516,-32.996831],[-71.533503,-32.996878],[-71.533508,-32.996979],[-71.533539,-32.997058],[-71.533572,-32.997135],[-71.533581,-32.997217],[-71.533566,-32.997312],[-71.533501,-32.997443],[-71.533403,-32.997567],[-71.533273,-32.997707],[-71.533124,-32.997831],[-71.532995,-32.99793],[-71.53284,-32.998052],[-71.532758,-32.998141],[-71.532739,-32.998193],[-71.532745,-32.99825],[-71.532775,-32.998279],[-71.532837,-32.998286],[-71.532954,-32.998265],[-71.533434,-32.998078],[-71.533586,-32.998013],[-71.533707,-32.997974],[-71.533798,-32.997957],[-71.533852,-32.997956],[-71.534007,-32.998034],[-71.534064,-32.99807],[-71.534118,-32.998093],[-71.534218,-32.99811],[-71.534279,-32.998104],[-71.534319,-32.998091],[-71.534349,-32.99807],[-71.534364,-32.998047],[-71.534374,-32.998018],[-71.534376,-32.997973],[-71.534401,-32.997805],[-71.534443,-32.997677],[-71.534503,-32.997579],[-71.534606,-32.997489],[-71.534711,-32.99741],[-71.53482,-32.997363],[-71.534961,-32.997317],[-71.535049,-32.997293],[-71.535138,-32.997279],[-71.535215,-32.997253],[-71.53531,-32.997224],[-71.53542,-32.997156],[-71.535519,-32.99707],[-71.535641,-32.99699],[-71.535781,-32.996901],[-71.535878,-32.996861],[-71.535998,-32.99684],[-71.536106,-32.996829],[-71.536199,-32.996844],[-71.536285,-32.996879],[-71.536525,-32.997029],[-71.536617,-32.997081],[-71.536674,-32.997086],[-71.536708,-32.997059],[-71.53673,-32.997009],[-71.536859,-32.99669],[-71.536916,-32.996601],[-71.537,-32.996539],[-71.537114,-32.996474],[-71.53729,-32.996368],[-71.53733,-32.996351],[-71.537386,-32.996341],[-71.537474,-32.996353],[-71.537563,-32.996401],[-71.537627,-32.996448],[-71.537768,-32.99658],[-71.537831,-32.996651],[-71.53792,-32.99679],[-71.537981,-32.996855],[-71.538058,-32.9969],[-71.538298,-32.996998],[-71.53838,-32.997045],[-71.538422,-32.99709],[-71.538451,-32.99715],[-71.538467,-32.997209],[-71.538485,-32.997391],[-71.538494,-32.99762],[-71.538485,-32.997707],[-71.538469,-32.997758],[-71.53843,-32.997809],[-71.538401,-32.997828],[-71.538368,-32.99784],[-71.538255,-32.997854],[-71.538199,-32.997882],[-71.538179,-32.997913],[-71.538159,-32.997973],[-71.538157,-32.998036],[-71.538171,-32.998296],[-71.538155,-32.998558],[-71.538132,-32.998729],[-71.538094,-32.998888],[-71.538031,-32.99922],[-71.537961,-32.999468],[-71.537897,-32.999666],[-71.537894,-32.999692],[-71.537918,-32.999721],[-71.537941,-32.999735],[-71.538009,-32.999748],[-71.538054,-32.999744],[-71.538106,-32.999721],[-71.538145,-32.999685],[-71.538444,-32.999354],[-71.53853,-32.999149],[-71.538611,-32.999027],[-71.538658,-32.998942],[-71.538733,-32.998741],[-71.538823,-32.99853],[-71.538964,-32.998299],[-71.539006,-32.998189],[-71.53923,-32.997784],[-71.539435,-32.997525],[-71.539577,-32.997374],[-71.539664,-32.997326],[-71.539727,-32.997297],[-71.539804,-32.997287],[-71.539914,-32.9973],[-71.540001,-32.997331],[-71.540229,-32.997435],[-71.54039,-32.997501],[-71.540528,-32.997581],[-71.540616,-32.997658],[-71.540658,-32.997735],[-71.540689,-32.997829],[-71.540686,-32.997977],[-71.540662,-32.998153],[-71.540604,-32.998263],[-71.540539,-32.998397],[-71.540507,-32.998497],[-71.540507,-32.998578],[-71.540531,-32.998614],[-71.540587,-32.998628],[-71.540681,-32.998609],[-71.541024,-32.998196],[-71.54121,-32.998034],[-71.541326,-32.997959],[-71.541421,-32.997921],[-71.541485,-32.997915],[-71.541534,-32.997921],[-71.541668,-32.997967],[-71.541766,-32.997985],[-71.541798,-32.997997],[-71.541846,-32.998038],[-71.541901,-32.998119],[-71.541946,-32.998161],[-71.542024,-32.998201],[-71.542085,-32.998213],[-71.542194,-32.998205],[-71.542252,-32.998149],[-71.542312,-32.998067],[-71.54235,-32.99798],[-71.542392,-32.997845],[-71.542474,-32.997572],[-71.542554,-32.997379],[-71.542604,-32.997306],[-71.542669,-32.997266],[-71.542842,-32.997217],[-71.54306,-32.997122],[-71.543369,-32.996935],[-71.543415,-32.99689],[-71.543449,-32.996832],[-71.543613,-32.996575],[-71.543712,-32.996508],[-71.543812,-32.996471],[-71.543938,-32.996438],[-71.544091,-32.996369],[-71.544323,-32.996232],[-71.544446,-32.996183],[-71.544552,-32.996143],[-71.544683,-32.99613],[-71.544818,-32.996155],[-71.544954,-32.996233],[-71.544962,-32.996244],[-71.545002,-32.996296],[-71.545037,-32.996409],[-71.545016,-32.996556],[-71.544985,-32.996654],[-71.544967,-32.996758],[-71.54497,-32.996826],[-71.544987,-32.9969],[-71.545045,-32.997045],[-71.545083,-32.997108],[-71.545124,-32.997157],[-71.545141,-32.997177],[-71.545218,-32.997241],[-71.545391,-32.997343],[-71.545541,-32.997454],[-71.545686,-32.997532],[-71.545733,-32.997574],[-71.54575,-32.99762],[-71.545751,-32.997645],[-71.545682,-32.998038],[-71.545633,-32.998197],[-71.545546,-32.998395],[-71.545499,-32.998529],[-71.545418,-32.998966],[-71.545386,-32.99904],[-71.545304,-32.999183],[-71.545279,-32.999256],[-71.545269,-32.999321],[-71.545267,-32.999508],[-71.545239,-32.999778],[-71.545249,-32.99985],[-71.545269,-32.999894],[-71.54534,-32.99996],[-71.545369,-33],[-71.545373,-33.000005],[-71.545402,-33.00014],[-71.545445,-33.000214],[-71.545489,-33.000258],[-71.545761,-33.000481],[-71.545854,-33.000548],[-71.545925,-33.000589],[-71.546133,-33.000685],[-71.546351,-33.000767],[-71.546577,-33.00081],[-71.546623,-33.000832],[-71.546664,-33.000861],[-71.546694,-33.000901],[-71.546729,-33.000972],[-71.546742,-33.001025],[-71.546736,-33.001087],[-71.54669,-33.001223],[-71.546668,-33.001271],[-71.546616,-33.001325],[-71.546486,-33.001404],[-71.546452,-33.001444],[-71.546429,-33.001496],[-71.546409,-33.001579],[-71.546402,-33.001666],[-71.54641,-33.001736],[-71.546439,-33.001852],[-71.546437,-33.001888],[-71.546425,-33.001925],[-71.546379,-33.001989],[-71.546226,-33.002136],[-71.546096,-33.002323],[-71.546056,-33.002393],[-71.546016,-33.00253],[-71.545994,-33.002579],[-71.54595,-33.002624],[-71.545863,-33.00267],[-71.545456,-33.002805],[-71.545379,-33.002845],[-71.545351,-33.002889],[-71.545448,-33.002931],[-71.545632,-33.002969],[-71.545806,-33.003033],[-71.545943,-33.003069],[-71.546023,-33.003109],[-71.546052,-33.003156],[-71.546062,-33.003206],[-71.546061,-33.00325],[-71.54604,-33.003398],[-71.546027,-33.00357],[-71.546009,-33.003654],[-71.545954,-33.003831],[-71.545954,-33.00394],[-71.545968,-33.003994],[-71.545996,-33.00406],[-71.546119,-33.004285],[-71.546197,-33.004447],[-71.546316,-33.004646],[-71.546348,-33.004717],[-71.54637,-33.004802],[-71.546399,-33.005017],[-71.546471,-33.005235],[-71.546476,-33.005282],[-71.546468,-33.005323],[-71.546446,-33.005375],[-71.54641,-33.00543],[-71.546352,-33.005489],[-71.546173,-33.005584],[-71.546163,-33.005587],[-71.546131,-33.005596],[-71.546078,-33.005593],[-71.545857,-33.005539],[-71.54581,-33.005518],[-71.545716,-33.005438],[-71.545462,-33.005192],[-71.545405,-33.005148],[-71.545311,-33.0051],[-71.545221,-33.005087],[-71.545171,-33.005093],[-71.545087,-33.005117],[-71.54498,-33.005172],[-71.544912,-33.005227],[-71.544863,-33.005278],[-71.544823,-33.005329],[-71.544772,-33.005412],[-71.54473,-33.005459],[-71.544682,-33.005482],[-71.544641,-33.005492],[-71.544126,-33.005536],[-71.544053,-33.005529],[-71.543823,-33.005473],[-71.543684,-33.005462],[-71.543559,-33.005442],[-71.543504,-33.005452],[-71.543487,-33.005479],[-71.543488,-33.005506],[-71.54351,-33.005547],[-71.543561,-33.005603],[-71.543599,-33.005664],[-71.54362,-33.005726],[-71.543626,-33.005774],[-71.543624,-33.005841],[-71.543596,-33.006004],[-71.543564,-33.006083],[-71.543527,-33.006131],[-71.543382,-33.006274],[-71.543145,-33.006443],[-71.543031,-33.006581],[-71.542929,-33.006677],[-71.542739,-33.006804],[-71.542696,-33.00685],[-71.5426,-33.006979],[-71.542555,-33.007025],[-71.542453,-33.007103],[-71.542341,-33.00717],[-71.54228,-33.007217],[-71.541783,-33.007665],[-71.541626,-33.007807],[-71.541185,-33.008202],[-71.540953,-33.008446],[-71.540728,-33.008788],[-71.540356,-33.009737],[-71.540036,-33.010617],[-71.539932,-33.01097],[-71.539918,-33.011016],[-71.539887,-33.011338],[-71.539942,-33.011587],[-71.539985,-33.011672],[-71.540154,-33.011901],[-71.540314,-33.01217],[-71.540334,-33.012214],[-71.540346,-33.012265],[-71.540341,-33.012377],[-71.540289,-33.012531],[-71.540272,-33.012615],[-71.540279,-33.012863],[-71.540267,-33.012937],[-71.540228,-33.013066],[-71.540243,-33.013115],[-71.540304,-33.013197],[-71.540363,-33.013261],[-71.540483,-33.0134],[-71.540699,-33.013799],[-71.54083,-33.014117],[-71.540939,-33.014377],[-71.540989,-33.014443],[-71.541083,-33.014529],[-71.541167,-33.014581],[-71.541411,-33.014727],[-71.541539,-33.014843],[-71.541694,-33.015029],[-71.541822,-33.015202],[-71.541927,-33.015364],[-71.54201,-33.015545],[-71.542119,-33.015906],[-71.542138,-33.015955],[-71.542296,-33.016161],[-71.542331,-33.016226],[-71.542341,-33.016287],[-71.542308,-33.016383],[-71.542262,-33.016454],[-71.542215,-33.016521],[-71.542186,-33.016561],[-71.542146,-33.016587],[-71.542074,-33.01659],[-71.541972,-33.016556],[-71.541829,-33.016499],[-71.541679,-33.01644],[-71.541515,-33.016418],[-71.541273,-33.016416],[-71.541056,-33.016411],[-71.540801,-33.016364],[-71.540568,-33.016295],[-71.540202,-33.016116],[-71.539835,-33.015876],[-71.539528,-33.015576],[-71.539314,-33.015321],[-71.53915,-33.015102],[-71.539004,-33.014832],[-71.538764,-33.014315],[-71.538702,-33.014178],[-71.538695,-33.014163],[-71.53869,-33.014091],[-71.538705,-33.014015],[-71.538733,-33.013939],[-71.538927,-33.013669],[-71.539008,-33.0136],[-71.539178,-33.013516],[-71.539236,-33.013472],[-71.539259,-33.013433],[-71.539271,-33.013375],[-71.539268,-33.013329],[-71.539246,-33.013269],[-71.53914,-33.013078],[-71.539135,-33.01307],[-71.539089,-33.013013],[-71.539005,-33.012935],[-71.53891,-33.012878],[-71.538761,-33.012754],[-71.538539,-33.012608],[-71.538373,-33.012514],[-71.538339,-33.012498],[-71.538311,-33.012485],[-71.538134,-33.012428],[-71.538057,-33.012388],[-71.537971,-33.012326],[-71.537934,-33.012274],[-71.537928,-33.012209],[-71.537943,-33.01217],[-71.538008,-33.012072],[-71.538028,-33.012008],[-71.538027,-33.011871],[-71.538001,-33.01175],[-71.537937,-33.011626],[-71.537839,-33.011514],[-71.537749,-33.01145],[-71.537542,-33.011341],[-71.537368,-33.011222],[-71.537069,-33.010923],[-71.537055,-33.010904],[-71.536996,-33.010865],[-71.536578,-33.010763],[-71.536391,-33.01073],[-71.536301,-33.010694],[-71.536169,-33.010623],[-71.53612,-33.010611],[-71.535943,-33.01057],[-71.53585,-33.010535],[-71.535793,-33.010489],[-71.535725,-33.010403],[-71.535675,-33.010314],[-71.535648,-33.010274],[-71.535632,-33.01025],[-71.535572,-33.010236],[-71.535497,-33.010257],[-71.535429,-33.010343],[-71.535322,-33.0105],[-71.535172,-33.010728],[-71.535079,-33.010921],[-71.535022,-33.011136],[-71.535014,-33.011179],[-71.534987,-33.0115],[-71.534947,-33.011662],[-71.534914,-33.011753],[-71.534834,-33.011851],[-71.534735,-33.011917],[-71.534585,-33.01198],[-71.534385,-33.012014],[-71.533981,-33.012079],[-71.533559,-33.012134],[-71.533429,-33.012142],[-71.53325,-33.012113],[-71.532993,-33.012041],[-71.532746,-33.011921],[-71.532624,-33.011852],[-71.532516,-33.011807],[-71.532462,-33.011803],[-71.532419,-33.011816],[-71.532384,-33.011868],[-71.532363,-33.011957],[-71.532363,-33.012075],[-71.532386,-33.012168],[-71.532434,-33.012252],[-71.532525,-33.012304],[-71.532664,-33.01238],[-71.532771,-33.012462],[-71.532908,-33.012641],[-71.532954,-33.012802],[-71.532934,-33.012958],[-71.532877,-33.013105],[-71.532672,-33.013347],[-71.532415,-33.013688],[-71.532245,-33.013981],[-71.532101,-33.014238],[-71.532021,-33.014323],[-71.531912,-33.014371],[-71.531754,-33.014401],[-71.531527,-33.014402],[-71.531425,-33.014418],[-71.531261,-33.014472],[-71.531167,-33.014514],[-71.531096,-33.014558],[-71.531046,-33.014602],[-71.531023,-33.014639],[-71.531019,-33.014694],[-71.531075,-33.014741],[-71.531177,-33.014785],[-71.531787,-33.014934],[-71.531922,-33.014971],[-71.532023,-33.014971],[-71.532209,-33.014936],[-71.532476,-33.014865],[-71.533132,-33.014627],[-71.533461,-33.014446],[-71.533856,-33.014217],[-71.53419,-33.013932],[-71.534273,-33.013882],[-71.534336,-33.013835],[-71.534367,-33.01381],[-71.534449,-33.013742],[-71.534526,-33.013659],[-71.534597,-33.013618],[-71.53468,-33.013591],[-71.53483,-33.013521],[-71.534991,-33.013475],[-71.535177,-33.013458],[-71.535334,-33.013457],[-71.53549,-33.013478],[-71.535584,-33.013508],[-71.535669,-33.013548],[-71.535715,-33.013576],[-71.53585,-33.013691],[-71.53587,-33.013711],[-71.535894,-33.013734],[-71.535986,-33.013907],[-71.536032,-33.014036],[-71.536083,-33.014153],[-71.53621,-33.014601],[-71.536214,-33.014675],[-71.536236,-33.014715],[-71.536286,-33.014751],[-71.536328,-33.01477],[-71.536421,-33.014789],[-71.536521,-33.014801],[-71.536794,-33.014853],[-71.536965,-33.014935],[-71.537061,-33.015017],[-71.537122,-33.015121],[-71.537179,-33.015271],[-71.537208,-33.015417],[-71.537268,-33.015517],[-71.537347,-33.015595],[-71.537483,-33.015749],[-71.537622,-33.015856],[-71.5378,-33.015974],[-71.538011,-33.016092],[-71.538196,-33.016195],[-71.538353,-33.016356],[-71.538478,-33.016559],[-71.53864,-33.016846],[-71.538654,-33.016863],[-71.538685,-33.016886],[-71.538731,-33.016908],[-71.539014,-33.017062],[-71.539114,-33.01713],[-71.539199,-33.017237],[-71.539256,-33.017369],[-71.53926,-33.017484],[-71.539239,-33.017594],[-71.539139,-33.017766],[-71.538938,-33.017921],[-71.538734,-33.018118],[-71.538588,-33.018271],[-71.538509,-33.018453],[-71.53847,-33.018646],[-71.538409,-33.018799],[-71.538352,-33.018903],[-71.538263,-33.019039],[-71.538127,-33.019156],[-71.537888,-33.019246],[-71.537628,-33.019313],[-71.537367,-33.019406],[-71.537278,-33.019492],[-71.537157,-33.019552],[-71.536992,-33.019567],[-71.536657,-33.019453],[-71.535829,-33.019181],[-71.53549,-33.01906],[-71.535361,-33.019028],[-71.535261,-33.019028],[-71.535211,-33.019046],[-71.535158,-33.019085],[-71.53514,-33.019138],[-71.535169,-33.01921],[-71.53529,-33.019317],[-71.535611,-33.019481],[-71.53585,-33.019613],[-71.536018,-33.01971],[-71.536114,-33.01977],[-71.536186,-33.019838],[-71.536211,-33.019902],[-71.536229,-33.020006],[-71.536218,-33.020077],[-71.536168,-33.020134],[-71.536093,-33.020149],[-71.535624,-33.020209],[-71.535485,-33.020232],[-71.535329,-33.020248],[-71.535151,-33.020316],[-71.534983,-33.020406],[-71.534783,-33.020527],[-71.534528,-33.020671],[-71.534506,-33.020694],[-71.53449,-33.020735],[-71.534474,-33.02091],[-71.534451,-33.021148],[-71.534405,-33.021309],[-71.53433,-33.021483],[-71.534251,-33.021601],[-71.534212,-33.021694],[-71.534176,-33.021844],[-71.53418,-33.022015],[-71.534173,-33.022194],[-71.534091,-33.022408],[-71.534019,-33.022668],[-71.533962,-33.0228],[-71.533901,-33.022868],[-71.533766,-33.022911],[-71.533623,-33.022911],[-71.533441,-33.022861],[-71.533245,-33.022829],[-71.532959,-33.022793],[-71.532706,-33.022793],[-71.532531,-33.022786],[-71.532352,-33.022747],[-71.532163,-33.022683],[-71.531933,-33.022505],[-71.531889,-33.022459],[-71.531865,-33.022443],[-71.531751,-33.022397],[-71.531661,-33.022343],[-71.531617,-33.022329],[-71.531572,-33.02233],[-71.531531,-33.022347],[-71.531477,-33.022394],[-71.531434,-33.022455],[-71.531312,-33.022682],[-71.531165,-33.022893],[-71.531119,-33.022981],[-71.531034,-33.023427],[-71.531043,-33.023494],[-71.531071,-33.023559],[-71.531085,-33.023575],[-71.531143,-33.023614],[-71.5313,-33.023659],[-71.531385,-33.023671],[-71.531483,-33.023661],[-71.531637,-33.023613],[-71.53171,-33.023573],[-71.531871,-33.023419],[-71.531973,-33.023341],[-71.532023,-33.023325],[-71.532071,-33.023329],[-71.532123,-33.023348],[-71.532337,-33.023485],[-71.532547,-33.023601],[-71.532624,-33.023665],[-71.532657,-33.023705],[-71.532679,-33.023775],[-71.53267,-33.023838],[-71.532641,-33.023914],[-71.532561,-33.024064],[-71.532469,-33.024197],[-71.532426,-33.024244],[-71.53236,-33.02429],[-71.532131,-33.024425],[-71.531724,-33.024564],[-71.531382,-33.02476],[-71.530903,-33.025085],[-71.530693,-33.025324],[-71.530554,-33.025559],[-71.53039,-33.025857],[-71.530363,-33.025907],[-71.530341,-33.025985],[-71.530218,-33.026373],[-71.530082,-33.026862],[-71.529904,-33.02734],[-71.529779,-33.027655],[-71.529636,-33.027872],[-71.529458,-33.027997],[-71.529237,-33.028072],[-71.529118,-33.028085],[-71.528972,-33.028101],[-71.528708,-33.028122],[-71.528565,-33.028122],[-71.528488,-33.028138],[-71.528458,-33.028144],[-71.528333,-33.028183],[-71.528276,-33.028215],[-71.528235,-33.028297],[-71.528218,-33.028369],[-71.528187,-33.028622],[-71.528192,-33.028749],[-71.528215,-33.028886],[-71.528245,-33.028975],[-71.52828,-33.029118],[-71.528273,-33.029193],[-71.528251,-33.029271],[-71.528191,-33.029329],[-71.528091,-33.029371],[-71.528005,-33.029371],[-71.527662,-33.029337],[-71.527262,-33.029303],[-71.527173,-33.029306],[-71.52693,-33.029336],[-71.526895,-33.029346],[-71.526771,-33.029382],[-71.526756,-33.029393],[-71.526707,-33.029429],[-71.526692,-33.029475],[-71.526685,-33.02954],[-71.526687,-33.029587],[-71.526704,-33.029652],[-71.526827,-33.02995],[-71.526863,-33.03006],[-71.526884,-33.030207],[-71.526877,-33.03031],[-71.526849,-33.030421],[-71.526784,-33.030531],[-71.526713,-33.03061],[-71.526663,-33.030681],[-71.526627,-33.030788],[-71.526674,-33.031027],[-71.526742,-33.031302],[-71.526817,-33.031545],[-71.526827,-33.031723],[-71.526813,-33.031905],[-71.526749,-33.032098],[-71.526642,-33.032245],[-71.526531,-33.032344],[-71.526388,-33.03243],[-71.526206,-33.032452],[-71.525999,-33.032441],[-71.52576,-33.032387],[-71.525596,-33.032316],[-71.525371,-33.032241],[-71.525189,-33.032173],[-71.525028,-33.032095],[-71.524928,-33.031998],[-71.524868,-33.031848],[-71.524868,-33.031713],[-71.524868,-33.031506],[-71.52485,-33.031317],[-71.524789,-33.03117],[-71.5247,-33.031081],[-71.524604,-33.031035],[-71.524518,-33.03102],[-71.524372,-33.031035],[-71.524211,-33.031131],[-71.524065,-33.031256],[-71.523826,-33.03142],[-71.523569,-33.031541],[-71.523137,-33.031634],[-71.522773,-33.031648],[-71.522444,-33.031634],[-71.52218,-33.031606],[-71.521962,-33.031606],[-71.521838,-33.031641],[-71.52177,-33.031698],[-71.521734,-33.031795],[-71.521734,-33.031838],[-71.521734,-33.031909],[-71.521816,-33.032077],[-71.521966,-33.032277],[-71.523005,-33.03318],[-71.523397,-33.033504],[-71.52359,-33.033622],[-71.523815,-33.033751],[-71.523979,-33.033847],[-71.5241,-33.033918],[-71.524161,-33.033976],[-71.52419,-33.034072],[-71.524136,-33.034165],[-71.524025,-33.034236],[-71.523865,-33.03429],[-71.523565,-33.034432],[-71.52313,-33.034657],[-71.522633,-33.034986],[-71.522114,-33.035414],[-71.521973,-33.035582],[-71.521829,-33.035794],[-71.521634,-33.036014],[-71.521573,-33.03616],[-71.521548,-33.036371],[-71.521581,-33.036578],[-71.521656,-33.03677],[-71.521745,-33.037038],[-71.52177,-33.037213],[-71.521763,-33.037338],[-71.521691,-33.037459],[-71.521595,-33.037513],[-71.521466,-33.037555],[-71.521302,-33.037559],[-71.521013,-33.037473],[-71.520724,-33.037302],[-71.520449,-33.037127],[-71.520353,-33.037013],[-71.520249,-33.036881],[-71.520146,-33.036738],[-71.520042,-33.036642],[-71.519924,-33.03661],[-71.519778,-33.03661],[-71.51951,-33.03661],[-71.519264,-33.036585],[-71.519061,-33.036528],[-71.518907,-33.036438],[-71.518779,-33.036381],[-71.518607,-33.036346],[-71.5184,-33.036231],[-71.51835,-33.036162],[-71.518279,-33.036006],[-71.518258,-33.035921],[-71.518215,-33.0357],[-71.518165,-33.035264],[-71.518047,-33.034954],[-71.517869,-33.034647],[-71.517712,-33.034432],[-71.517447,-33.034225],[-71.51718,-33.034104],[-71.516909,-33.034029],[-71.516709,-33.034033],[-71.516519,-33.034083],[-71.516341,-33.03414],[-71.516216,-33.034211],[-71.516163,-33.034297],[-71.516163,-33.034375],[-71.516223,-33.034486],[-71.516423,-33.034768],[-71.516573,-33.035018],[-71.516659,-33.035203],[-71.51668,-33.035309],[-71.516696,-33.035599],[-71.516677,-33.036317],[-71.51668,-33.036503],[-71.516709,-33.036645],[-71.516751,-33.036767],[-71.516826,-33.036877],[-71.51693,-33.036984],[-71.517101,-33.037099],[-71.517319,-33.037227],[-71.517625,-33.037399],[-71.517772,-33.037486],[-71.517871,-33.037562],[-71.517916,-33.037609],[-71.517931,-33.037642],[-71.517935,-33.037667],[-71.517921,-33.037719],[-71.517885,-33.037773],[-71.517857,-33.037793],[-71.517505,-33.037936],[-71.517186,-33.038067],[-71.51713,-33.038103],[-71.517114,-33.038123],[-71.517089,-33.03819],[-71.517085,-33.038285],[-71.517106,-33.038369],[-71.517154,-33.038454],[-71.517259,-33.038548],[-71.517331,-33.038593],[-71.517485,-33.038637],[-71.517624,-33.038658],[-71.517858,-33.038658],[-71.5181,-33.038658],[-71.518205,-33.038671],[-71.518275,-33.038698],[-71.51837,-33.038759],[-71.518429,-33.038829],[-71.51846,-33.038908],[-71.518494,-33.039119],[-71.518506,-33.039179],[-71.518548,-33.039229],[-71.518685,-33.039313],[-71.518712,-33.039338],[-71.518735,-33.039381],[-71.518732,-33.039431],[-71.518714,-33.039475],[-71.518643,-33.039603],[-71.518557,-33.039706],[-71.5185,-33.03975],[-71.518366,-33.039831],[-71.518301,-33.039879],[-71.518251,-33.039923],[-71.518113,-33.040072],[-71.518034,-33.040132],[-71.517892,-33.040208],[-71.51768,-33.040286],[-71.517505,-33.040368],[-71.517425,-33.040421],[-71.517301,-33.040521],[-71.517217,-33.04057],[-71.517119,-33.040607],[-71.516968,-33.040649],[-71.516927,-33.04069],[-71.51692,-33.040742],[-71.516924,-33.040832],[-71.516912,-33.040872],[-71.516874,-33.040919],[-71.516759,-33.041016],[-71.516589,-33.041141],[-71.516544,-33.041186],[-71.516455,-33.041299],[-71.51639,-33.041355],[-71.516324,-33.041396],[-71.516095,-33.041501],[-71.516022,-33.041542],[-71.515984,-33.041594],[-71.515939,-33.04173],[-71.515887,-33.041812],[-71.515697,-33.041984],[-71.515597,-33.042061],[-71.51551,-33.042112],[-71.515436,-33.042139],[-71.515148,-33.042177],[-71.515034,-33.042221],[-71.514969,-33.04229],[-71.514922,-33.042378],[-71.5149,-33.042492],[-71.51489,-33.042657],[-71.514872,-33.042715],[-71.514827,-33.04278],[-71.514728,-33.04286],[-71.514589,-33.042934],[-71.514536,-33.042954],[-71.514452,-33.042973],[-71.514221,-33.043003],[-71.514068,-33.043014],[-71.513959,-33.043035],[-71.513712,-33.04302],[-71.513641,-33.043034],[-71.513612,-33.043049],[-71.513588,-33.043071],[-71.513562,-33.04312],[-71.513507,-33.043308],[-71.513407,-33.04352],[-71.51334,-33.043707],[-71.51328,-33.043781],[-71.513147,-33.04388],[-71.513097,-33.043908],[-71.513015,-33.043938],[-71.512787,-33.043968],[-71.512564,-33.044028],[-71.512495,-33.044055],[-71.51248,-33.044068],[-71.512479,-33.044084],[-71.51253,-33.044179],[-71.512541,-33.04423],[-71.512537,-33.044249],[-71.512509,-33.044291],[-71.512446,-33.04434],[-71.512006,-33.044601],[-71.511625,-33.044801],[-71.511481,-33.044884],[-71.511046,-33.045105],[-71.51076,-33.045236],[-71.510616,-33.045277],[-71.510479,-33.045313],[-71.510265,-33.045336],[-71.510069,-33.045355],[-71.509753,-33.045384],[-71.509544,-33.045406],[-71.509355,-33.045458],[-71.509245,-33.045528],[-71.509165,-33.045646],[-71.509118,-33.045757],[-71.509068,-33.045865],[-71.509001,-33.045962],[-71.508927,-33.046044],[-71.508815,-33.046113],[-71.508616,-33.046211],[-71.508546,-33.046248],[-71.50845,-33.046315],[-71.508274,-33.046454],[-71.508127,-33.046594],[-71.507981,-33.046788],[-71.507802,-33.046997],[-71.50771,-33.0471],[-71.507598,-33.047144],[-71.507287,-33.047296],[-71.507063,-33.047389],[-71.506972,-33.047406],[-71.506792,-33.047385],[-71.506727,-33.04739],[-71.506699,-33.047402],[-71.50668,-33.047426],[-71.506625,-33.047556],[-71.506602,-33.047587],[-71.506554,-33.047631],[-71.506345,-33.047768],[-71.505957,-33.047966],[-71.505844,-33.048012],[-71.505721,-33.048039],[-71.505612,-33.048041],[-71.505441,-33.048017],[-71.505383,-33.048027],[-71.505216,-33.048109],[-71.505035,-33.04815],[-71.504973,-33.048171],[-71.504903,-33.04821],[-71.504776,-33.048303],[-71.504683,-33.048357],[-71.504561,-33.048418],[-71.504446,-33.04846],[-71.504267,-33.048507],[-71.503835,-33.048589],[-71.50363,-33.048617],[-71.503418,-33.048662],[-71.503186,-33.048687],[-71.502958,-33.048725],[-71.502846,-33.048729],[-71.502705,-33.048719],[-71.502561,-33.048701],[-71.502434,-33.048674],[-71.502241,-33.048614],[-71.50215,-33.048571],[-71.501897,-33.048341],[-71.501797,-33.048227],[-71.501731,-33.048046],[-71.501731,-33.047861],[-71.501745,-33.047585],[-71.501778,-33.047332],[-71.501855,-33.047004],[-71.502024,-33.046419],[-71.502059,-33.046321],[-71.502091,-33.046215],[-71.50217,-33.045949],[-71.502216,-33.045847],[-71.502275,-33.045771],[-71.502404,-33.045647],[-71.502559,-33.04551],[-71.502587,-33.04541],[-71.502587,-33.045286],[-71.502535,-33.045139],[-71.502473,-33.045081],[-71.502316,-33.04501],[-71.502074,-33.044939],[-71.501831,-33.044867],[-71.501483,-33.044777],[-71.501293,-33.044691],[-71.501179,-33.044606],[-71.501069,-33.044468],[-71.500988,-33.044249],[-71.50096,-33.044096],[-71.500936,-33.043877],[-71.500984,-33.04363],[-71.501203,-33.043306],[-71.501393,-33.043111],[-71.501878,-33.042671],[-71.502074,-33.042464],[-71.50214,-33.042245],[-71.502164,-33.041983],[-71.50214,-33.04165],[-71.502097,-33.041441],[-71.502031,-33.04135],[-71.501964,-33.041331],[-71.501807,-33.041331],[-71.501659,-33.041408],[-71.501502,-33.041507],[-71.501379,-33.041669],[-71.501312,-33.04186],[-71.501241,-33.042102],[-71.501122,-33.042426],[-71.501027,-33.042688],[-71.500865,-33.043035],[-71.500712,-33.043259],[-71.500527,-33.043454],[-71.50036,-33.043654],[-71.500237,-33.043863],[-71.50016,-33.044077],[-71.500122,-33.044263],[-71.500122,-33.044596],[-71.500146,-33.044929],[-71.500118,-33.045177],[-71.50007,-33.045391],[-71.499909,-33.045904],[-71.499865,-33.04602],[-71.499853,-33.046142],[-71.499883,-33.046255],[-71.499987,-33.046367],[-71.500175,-33.046554],[-71.500228,-33.04667],[-71.500261,-33.04681],[-71.500261,-33.046968],[-71.500237,-33.047089],[-71.500157,-33.047324],[-71.500065,-33.04747],[-71.49991,-33.047649],[-71.499604,-33.047842],[-71.49944,-33.047937],[-71.499339,-33.04802],[-71.499315,-33.048089],[-71.499315,-33.048208],[-71.499336,-33.048398],[-71.499369,-33.048565],[-71.499485,-33.04871],[-71.499604,-33.048844],[-71.499702,-33.049002],[-71.499779,-33.049255],[-71.499803,-33.049656],[-71.499853,-33.049709],[-71.499929,-33.049744],[-71.50016,-33.049838],[-71.500297,-33.049921],[-71.500347,-33.050004],[-71.500359,-33.050111],[-71.500309,-33.050254],[-71.500196,-33.050391],[-71.500082,-33.050525],[-71.499981,-33.050652]]},"properties":{"OBJECTID":167,"fuente":"Cota 30","tipo":"Límite de área de evacuación","cine_prov":"051","cine_com":"05109","nom_com":"Viña del Mar","nom_prov":"Valparaíso","nom_reg":"Valparaíso","cine_reg":"05","Shape__Length":0.3480380192817077}},{"type":"Feature","id":184,"geometry":{"type":"LineString","coordinates":[[-71.547121,-33.007268],[-71.547077,-33.007277],[-71.547026,-33.007274],[-71.546958,-33.007235],[-71.54688,-33.00714],[-71.546836,-33.007006],[-71.546815,-33.006899],[-71.546812,-33.006736],[-71.54683,-33.006605],[-71.546842,-33.006459],[-71.546836,-33.006358],[-71.546749,-33.00609],[-71.546681,-33.005933],[-71.546631,-33.005837],[-71.546595,-33.005766],[-71.546592,-33.005718],[-71.546604,-33.005665],[-71.546647,-33.005622],[-71.546785,-33.005595],[-71.546866,-33.00557],[-71.546948,-33.005516],[-71.547041,-33.005455],[-71.547111,-33.005426],[-71.547157,-33.005418],[-71.547255,-33.005419],[-71.547505,-33.005435],[-71.547627,-33.005457],[-71.547685,-33.005485],[-71.547812,-33.005614],[-71.547917,-33.005675],[-71.548009,-33.005703],[-71.548177,-33.005733],[-71.548409,-33.005791],[-71.548493,-33.005819],[-71.548536,-33.005845],[-71.548563,-33.005873],[-71.54864,-33.006049],[-71.548675,-33.006239],[-71.548675,-33.006299],[-71.548652,-33.006359],[-71.548616,-33.006407],[-71.548561,-33.006462],[-71.548507,-33.006502],[-71.548472,-33.006521],[-71.548324,-33.006577],[-71.548267,-33.00659],[-71.54819,-33.006599],[-71.548005,-33.006603],[-71.547897,-33.006629],[-71.547698,-33.006742],[-71.547468,-33.006858],[-71.547405,-33.006902],[-71.547274,-33.007016],[-71.54719,-33.00712],[-71.547148,-33.007228],[-71.547121,-33.007268]]},"properties":{"OBJECTID":184,"fuente":"Cota 30","tipo":"Límite de área de evacuación","cine_prov":"051","cine_com":"05109","nom_com":"Viña del Mar","nom_prov":"Valparaíso","nom_reg":"Valparaíso","cine_reg":"05","Shape__Length":0.006354337902478043}},{"type":"Feature","id":185,"geometry":{"type":"LineString","coordinates":[[-71.564805,-33.020508],[-71.564761,-33.020745],[-71.564756,-33.020772],[-71.564751,-33.020797],[-71.564754,-33.020824],[-71.564773,-33.020865],[-71.56482,-33.020888],[-71.564872,-33.020902],[-71.565085,-33.020913],[-71.565123,-33.020919],[-71.565154,-33.020924],[-71.565206,-33.020944],[-71.565227,-33.020952],[-71.565406,-33.021053],[-71.565518,-33.02108],[-71.565565,-33.021092],[-71.565611,-33.021114],[-71.565642,-33.02114],[-71.565669,-33.02118],[-71.565746,-33.02136],[-71.565885,-33.021582],[-71.565948,-33.021634],[-71.56607,-33.021668],[-71.566178,-33.021667],[-71.566303,-33.021639],[-71.566435,-33.02158],[-71.566508,-33.021559],[-71.56677,-33.021546],[-71.566854,-33.021532],[-71.566908,-33.021509],[-71.566953,-33.021467],[-71.567005,-33.021361],[-71.567037,-33.021323],[-71.567077,-33.021302],[-71.56712,-33.021293],[-71.567189,-33.021297],[-71.567256,-33.02132],[-71.567338,-33.021396],[-71.56741,-33.021497],[-71.567436,-33.021518],[-71.567506,-33.021542],[-71.567524,-33.021558],[-71.567532,-33.021581],[-71.567525,-33.021633],[-71.567441,-33.02182],[-71.567391,-33.021903],[-71.567258,-33.022087],[-71.567176,-33.022187],[-71.56715,-33.022243],[-71.567152,-33.022312],[-71.567212,-33.022487],[-71.567236,-33.02258],[-71.567242,-33.022651],[-71.567228,-33.022712],[-71.567076,-33.02303],[-71.566986,-33.023166],[-71.566895,-33.023255],[-71.566809,-33.023302],[-71.566717,-33.023331],[-71.566372,-33.023404],[-71.566225,-33.023429],[-71.566119,-33.023432],[-71.565916,-33.023397],[-71.565856,-33.023407],[-71.565815,-33.023437],[-71.565792,-33.02348],[-71.565778,-33.023539],[-71.565781,-33.023655],[-71.565761,-33.023695],[-71.565698,-33.023748],[-71.565633,-33.023773],[-71.565574,-33.023788],[-71.565502,-33.023795],[-71.565278,-33.023786],[-71.564837,-33.02385],[-71.564527,-33.023906],[-71.564381,-33.023955],[-71.564317,-33.023976],[-71.564013,-33.02405],[-71.563703,-33.024159],[-71.563522,-33.024203],[-71.563441,-33.024212],[-71.563376,-33.024206],[-71.56336,-33.024197],[-71.563355,-33.024156],[-71.563427,-33.024067],[-71.563439,-33.024038],[-71.563444,-33.024017],[-71.563442,-33.023971],[-71.563441,-33.02397],[-71.563331,-33.023649],[-71.563293,-33.023582],[-71.563246,-33.023546],[-71.563196,-33.023535],[-71.563025,-33.023571],[-71.562706,-33.023599],[-71.56266,-33.023598],[-71.562613,-33.023583],[-71.562524,-33.023524],[-71.562344,-33.023458],[-71.562166,-33.02338],[-71.562071,-33.02336],[-71.561891,-33.023361],[-71.561797,-33.023353],[-71.561714,-33.023329],[-71.561656,-33.023294],[-71.561623,-33.023234],[-71.561598,-33.023117],[-71.561532,-33.022917],[-71.561512,-33.022804],[-71.561506,-33.022712],[-71.561516,-33.022514],[-71.561505,-33.022462],[-71.561464,-33.022353],[-71.561455,-33.022304],[-71.56146,-33.022102],[-71.561485,-33.021896],[-71.561526,-33.021774],[-71.561576,-33.021689],[-71.561621,-33.021629],[-71.561718,-33.021579],[-71.5619,-33.021537],[-71.562072,-33.021516],[-71.562226,-33.021511],[-71.562273,-33.021496],[-71.562299,-33.021476],[-71.562396,-33.021353],[-71.562461,-33.021241],[-71.562499,-33.021139],[-71.562518,-33.021041],[-71.562539,-33.020927],[-71.562589,-33.020808],[-71.562658,-33.02073],[-71.56278,-33.020658],[-71.563156,-33.02053],[-71.563301,-33.020475],[-71.563396,-33.020392],[-71.563441,-33.020309],[-71.563539,-33.020187],[-71.563697,-33.020085],[-71.56388,-33.019924],[-71.563974,-33.019845],[-71.564055,-33.019785],[-71.564124,-33.019761],[-71.564212,-33.019754],[-71.564324,-33.019759],[-71.564429,-33.019787],[-71.564548,-33.01984],[-71.564652,-33.020002],[-71.564736,-33.020145],[-71.564773,-33.020236],[-71.564798,-33.020325],[-71.56481,-33.02042],[-71.564805,-33.020508]]},"properties":{"OBJECTID":185,"fuente":"Cota 30","tipo":"Límite de área de evacuación","cine_prov":"051","cine_com":"05109","nom_com":"Viña del Mar","nom_prov":"Valparaíso","nom_reg":"Valparaíso","cine_reg":"05","Shape__Length":0.018142360148553454}}]}